,filesize,n_hdu,0,1,2,3,4,5,6,7,8,filename
size,218203200,9,28800,16790400,16781760,16781760,16781760,16781760,16781760,16781760,100693440,jw02733001001_02101_00001_nrcb1_o001_crf.fits
name,218203200,9,PRIMARY,SCI,ERR,DQ,AREA,VAR_POISSON,VAR_RNOISE,VAR_FLAT,ASDF,jw02733001001_02101_00001_nrcb1_o001_crf.fits
hdutype,218203200,9,PrimaryHDU,ImageHDU,ImageHDU,ImageHDU,ImageHDU,ImageHDU,ImageHDU,ImageHDU,BinTableHDU,jw02733001001_02101_00001_nrcb1_o001_crf.fits
dim,218203200,9,(),"(2048, 2048)","(2048, 2048)","(2048, 2048)","(2048, 2048)","(2048, 2048)","(2048, 2048)","(2048, 2048)","(1, 100688492)",jw02733001001_02101_00001_nrcb1_o001_crf.fits
itemsize,218203200,9,,32,32,32,32,32,32,32,8,jw02733001001_02101_00001_nrcb1_o001_crf.fits
datasize,218203200,9,0,16777216,16777216,16777216,16777216,16777216,16777216,16777216,100688492,jw02733001001_02101_00001_nrcb1_o001_crf.fits
size,218203200,9,28800,16790400,16781760,16781760,16781760,16781760,16781760,16781760,100693440,jw02733001001_02101_00001_nrcb3_o001_crf.fits
name,218203200,9,PRIMARY,SCI,ERR,DQ,AREA,VAR_POISSON,VAR_RNOISE,VAR_FLAT,ASDF,jw02733001001_02101_00001_nrcb3_o001_crf.fits
hdutype,218203200,9,PrimaryHDU,ImageHDU,ImageHDU,ImageHDU,ImageHDU,ImageHDU,ImageHDU,ImageHDU,BinTableHDU,jw02733001001_02101_00001_nrcb3_o001_crf.fits
dim,218203200,9,(),"(2048, 2048)","(2048, 2048)","(2048, 2048)","(2048, 2048)","(2048, 2048)","(2048, 2048)","(2048, 2048)","(1, 100688489)",jw02733001001_02101_00001_nrcb3_o001_crf.fits
itemsize,218203200,9,,32,32,32,32,32,32,32,8,jw02733001001_02101_00001_nrcb3_o001_crf.fits
datasize,218203200,9,0,16777216,16777216,16777216,16777216,16777216,16777216,16777216,100688489,jw02733001001_02101_00001_nrcb3_o001_crf.fits
size,218203200,9,28800,16790400,16781760,16781760,16781760,16781760,16781760,16781760,100693440,jw02733001001_02101_00001_nrcb4_o001_crf.fits
name,218203200,9,PRIMARY,SCI,ERR,DQ,AREA,VAR_POISSON,VAR_RNOISE,VAR_FLAT,ASDF,jw02733001001_02101_00001_nrcb4_o001_crf.fits
hdutype,218203200,9,PrimaryHDU,ImageHDU,ImageHDU,ImageHDU,ImageHDU,ImageHDU,ImageHDU,ImageHDU,BinTableHDU,jw02733001001_02101_00001_nrcb4_o001_crf.fits
dim,218203200,9,(),"(2048, 2048)","(2048, 2048)","(2048, 2048)","(2048, 2048)","(2048, 2048)","(2048, 2048)","(2048, 2048)","(1, 100688495)",jw02733001001_02101_00001_nrcb4_o001_crf.fits
itemsize,218203200,9,,32,32,32,32,32,32,32,8,jw02733001001_02101_00001_nrcb4_o001_crf.fits
datasize,218203200,9,0,16777216,16777216,16777216,16777216,16777216,16777216,16777216,100688495,jw02733001001_02101_00001_nrcb4_o001_crf.fits
size,218211840,9,28800,16790400,16781760,16781760,16781760,16781760,16781760,16781760,100702080,jw02733001001_02101_00001_nrcblong_o001_crf.fits
name,218211840,9,PRIMARY,SCI,ERR,DQ,AREA,VAR_POISSON,VAR_RNOISE,VAR_FLAT,ASDF,jw02733001001_02101_00001_nrcblong_o001_crf.fits
hdutype,218211840,9,PrimaryHDU,ImageHDU,ImageHDU,ImageHDU,ImageHDU,ImageHDU,ImageHDU,ImageHDU,BinTableHDU,jw02733001001_02101_00001_nrcblong_o001_crf.fits
dim,218211840,9,(),"(2048, 2048)","(2048, 2048)","(2048, 2048)","(2048, 2048)","(2048, 2048)","(2048, 2048)","(2048, 2048)","(1, 100696672)",jw02733001001_02101_00001_nrcblong_o001_crf.fits
itemsize,218211840,9,,32,32,32,32,32,32,32,8,jw02733001001_02101_00001_nrcblong_o001_crf.fits
datasize,218211840,9,0,16777216,16777216,16777216,16777216,16777216,16777216,16777216,100696672,jw02733001001_02101_00001_nrcblong_o001_crf.fits
size,218211840,9,28800,16790400,16781760,16781760,16781760,16781760,16781760,16781760,100702080,jw02733001001_02101_00002_nrcb1_o001_crf.fits
name,218211840,9,PRIMARY,SCI,ERR,DQ,AREA,VAR_POISSON,VAR_RNOISE,VAR_FLAT,ASDF,jw02733001001_02101_00002_nrcb1_o001_crf.fits
hdutype,218211840,9,PrimaryHDU,ImageHDU,ImageHDU,ImageHDU,ImageHDU,ImageHDU,ImageHDU,ImageHDU,BinTableHDU,jw02733001001_02101_00002_nrcb1_o001_crf.fits
dim,218211840,9,(),"(2048, 2048)","(2048, 2048)","(2048, 2048)","(2048, 2048)","(2048, 2048)","(2048, 2048)","(2048, 2048)","(1, 100696626)",jw02733001001_02101_00002_nrcb1_o001_crf.fits
itemsize,218211840,9,,32,32,32,32,32,32,32,8,jw02733001001_02101_00002_nrcb1_o001_crf.fits
datasize,218211840,9,0,16777216,16777216,16777216,16777216,16777216,16777216,16777216,100696626,jw02733001001_02101_00002_nrcb1_o001_crf.fits
size,218211840,9,28800,16790400,16781760,16781760,16781760,16781760,16781760,16781760,100702080,jw02733001001_02101_00002_nrcb2_o001_crf.fits
name,218211840,9,PRIMARY,SCI,ERR,DQ,AREA,VAR_POISSON,VAR_RNOISE,VAR_FLAT,ASDF,jw02733001001_02101_00002_nrcb2_o001_crf.fits
hdutype,218211840,9,PrimaryHDU,ImageHDU,ImageHDU,ImageHDU,ImageHDU,ImageHDU,ImageHDU,ImageHDU,BinTableHDU,jw02733001001_02101_00002_nrcb2_o001_crf.fits
dim,218211840,9,(),"(2048, 2048)","(2048, 2048)","(2048, 2048)","(2048, 2048)","(2048, 2048)","(2048, 2048)","(2048, 2048)","(1, 100696659)",jw02733001001_02101_00002_nrcb2_o001_crf.fits
itemsize,218211840,9,,32,32,32,32,32,32,32,8,jw02733001001_02101_00002_nrcb2_o001_crf.fits
datasize,218211840,9,0,16777216,16777216,16777216,16777216,16777216,16777216,16777216,100696659,jw02733001001_02101_00002_nrcb2_o001_crf.fits
size,218211840,9,28800,16790400,16781760,16781760,16781760,16781760,16781760,16781760,100702080,jw02733001001_02101_00002_nrcb3_o001_crf.fits
name,218211840,9,PRIMARY,SCI,ERR,DQ,AREA,VAR_POISSON,VAR_RNOISE,VAR_FLAT,ASDF,jw02733001001_02101_00002_nrcb3_o001_crf.fits
hdutype,218211840,9,PrimaryHDU,ImageHDU,ImageHDU,ImageHDU,ImageHDU,ImageHDU,ImageHDU,ImageHDU,BinTableHDU,jw02733001001_02101_00002_nrcb3_o001_crf.fits
dim,218211840,9,(),"(2048, 2048)","(2048, 2048)","(2048, 2048)","(2048, 2048)","(2048, 2048)","(2048, 2048)","(2048, 2048)","(1, 100696636)",jw02733001001_02101_00002_nrcb3_o001_crf.fits
itemsize,218211840,9,,32,32,32,32,32,32,32,8,jw02733001001_02101_00002_nrcb3_o001_crf.fits
datasize,218211840,9,0,16777216,16777216,16777216,16777216,16777216,16777216,16777216,100696636,jw02733001001_02101_00002_nrcb3_o001_crf.fits
size,218211840,9,28800,16790400,16781760,16781760,16781760,16781760,16781760,16781760,100702080,jw02733001001_02101_00002_nrcb4_o001_crf.fits
name,218211840,9,PRIMARY,SCI,ERR,DQ,AREA,VAR_POISSON,VAR_RNOISE,VAR_FLAT,ASDF,jw02733001001_02101_00002_nrcb4_o001_crf.fits
hdutype,218211840,9,PrimaryHDU,ImageHDU,ImageHDU,ImageHDU,ImageHDU,ImageHDU,ImageHDU,ImageHDU,BinTableHDU,jw02733001001_02101_00002_nrcb4_o001_crf.fits
dim,218211840,9,(),"(2048, 2048)","(2048, 2048)","(2048, 2048)","(2048, 2048)","(2048, 2048)","(2048, 2048)","(2048, 2048)","(1, 100696650)",jw02733001001_02101_00002_nrcb4_o001_crf.fits
itemsize,218211840,9,,32,32,32,32,32,32,32,8,jw02733001001_02101_00002_nrcb4_o001_crf.fits
datasize,218211840,9,0,16777216,16777216,16777216,16777216,16777216,16777216,16777216,100696650,jw02733001001_02101_00002_nrcb4_o001_crf.fits
size,218211840,9,28800,16790400,16781760,16781760,16781760,16781760,16781760,16781760,100702080,jw02733001001_02101_00002_nrcblong_o001_crf.fits
name,218211840,9,PRIMARY,SCI,ERR,DQ,AREA,VAR_POISSON,VAR_RNOISE,VAR_FLAT,ASDF,jw02733001001_02101_00002_nrcblong_o001_crf.fits
hdutype,218211840,9,PrimaryHDU,ImageHDU,ImageHDU,ImageHDU,ImageHDU,ImageHDU,ImageHDU,ImageHDU,BinTableHDU,jw02733001001_02101_00002_nrcblong_o001_crf.fits
dim,218211840,9,(),"(2048, 2048)","(2048, 2048)","(2048, 2048)","(2048, 2048)","(2048, 2048)","(2048, 2048)","(2048, 2048)","(1, 100696677)",jw02733001001_02101_00002_nrcblong_o001_crf.fits
itemsize,218211840,9,,32,32,32,32,32,32,32,8,jw02733001001_02101_00002_nrcblong_o001_crf.fits
datasize,218211840,9,0,16777216,16777216,16777216,16777216,16777216,16777216,16777216,100696677,jw02733001001_02101_00002_nrcblong_o001_crf.fits
size,218211840,9,28800,16790400,16781760,16781760,16781760,16781760,16781760,16781760,100702080,jw02733001001_02101_00003_nrcb1_o001_crf.fits
name,218211840,9,PRIMARY,SCI,ERR,DQ,AREA,VAR_POISSON,VAR_RNOISE,VAR_FLAT,ASDF,jw02733001001_02101_00003_nrcb1_o001_crf.fits
hdutype,218211840,9,PrimaryHDU,ImageHDU,ImageHDU,ImageHDU,ImageHDU,ImageHDU,ImageHDU,ImageHDU,BinTableHDU,jw02733001001_02101_00003_nrcb1_o001_crf.fits
dim,218211840,9,(),"(2048, 2048)","(2048, 2048)","(2048, 2048)","(2048, 2048)","(2048, 2048)","(2048, 2048)","(2048, 2048)","(1, 100696641)",jw02733001001_02101_00003_nrcb1_o001_crf.fits
itemsize,218211840,9,,32,32,32,32,32,32,32,8,jw02733001001_02101_00003_nrcb1_o001_crf.fits
datasize,218211840,9,0,16777216,16777216,16777216,16777216,16777216,16777216,16777216,100696641,jw02733001001_02101_00003_nrcb1_o001_crf.fits
size,218211840,9,28800,16790400,16781760,16781760,16781760,16781760,16781760,16781760,100702080,jw02733001001_02101_00003_nrcb2_o001_crf.fits
name,218211840,9,PRIMARY,SCI,ERR,DQ,AREA,VAR_POISSON,VAR_RNOISE,VAR_FLAT,ASDF,jw02733001001_02101_00003_nrcb2_o001_crf.fits
hdutype,218211840,9,PrimaryHDU,ImageHDU,ImageHDU,ImageHDU,ImageHDU,ImageHDU,ImageHDU,ImageHDU,BinTableHDU,jw02733001001_02101_00003_nrcb2_o001_crf.fits
dim,218211840,9,(),"(2048, 2048)","(2048, 2048)","(2048, 2048)","(2048, 2048)","(2048, 2048)","(2048, 2048)","(2048, 2048)","(1, 100696672)",jw02733001001_02101_00003_nrcb2_o001_crf.fits
itemsize,218211840,9,,32,32,32,32,32,32,32,8,jw02733001001_02101_00003_nrcb2_o001_crf.fits
datasize,218211840,9,0,16777216,16777216,16777216,16777216,16777216,16777216,16777216,100696672,jw02733001001_02101_00003_nrcb2_o001_crf.fits
size,218211840,9,28800,16790400,16781760,16781760,16781760,16781760,16781760,16781760,100702080,jw02733001001_02101_00003_nrcb4_o001_crf.fits
name,218211840,9,PRIMARY,SCI,ERR,DQ,AREA,VAR_POISSON,VAR_RNOISE,VAR_FLAT,ASDF,jw02733001001_02101_00003_nrcb4_o001_crf.fits
hdutype,218211840,9,PrimaryHDU,ImageHDU,ImageHDU,ImageHDU,ImageHDU,ImageHDU,ImageHDU,ImageHDU,BinTableHDU,jw02733001001_02101_00003_nrcb4_o001_crf.fits
dim,218211840,9,(),"(2048, 2048)","(2048, 2048)","(2048, 2048)","(2048, 2048)","(2048, 2048)","(2048, 2048)","(2048, 2048)","(1, 100696655)",jw02733001001_02101_00003_nrcb4_o001_crf.fits
itemsize,218211840,9,,32,32,32,32,32,32,32,8,jw02733001001_02101_00003_nrcb4_o001_crf.fits
datasize,218211840,9,0,16777216,16777216,16777216,16777216,16777216,16777216,16777216,100696655,jw02733001001_02101_00003_nrcb4_o001_crf.fits
size,218203200,9,28800,16790400,16781760,16781760,16781760,16781760,16781760,16781760,100693440,jw02733001001_02101_00003_nrcblong_o001_crf.fits
name,218203200,9,PRIMARY,SCI,ERR,DQ,AREA,VAR_POISSON,VAR_RNOISE,VAR_FLAT,ASDF,jw02733001001_02101_00003_nrcblong_o001_crf.fits
hdutype,218203200,9,PrimaryHDU,ImageHDU,ImageHDU,ImageHDU,ImageHDU,ImageHDU,ImageHDU,ImageHDU,BinTableHDU,jw02733001001_02101_00003_nrcblong_o001_crf.fits
dim,218203200,9,(),"(2048, 2048)","(2048, 2048)","(2048, 2048)","(2048, 2048)","(2048, 2048)","(2048, 2048)","(2048, 2048)","(1, 100688506)",jw02733001001_02101_00003_nrcblong_o001_crf.fits
itemsize,218203200,9,,32,32,32,32,32,32,32,8,jw02733001001_02101_00003_nrcblong_o001_crf.fits
datasize,218203200,9,0,16777216,16777216,16777216,16777216,16777216,16777216,16777216,100688506,jw02733001001_02101_00003_nrcblong_o001_crf.fits
size,218211840,9,28800,16790400,16781760,16781760,16781760,16781760,16781760,16781760,100702080,jw02733001001_02101_00004_nrcb1_o001_crf.fits
name,218211840,9,PRIMARY,SCI,ERR,DQ,AREA,VAR_POISSON,VAR_RNOISE,VAR_FLAT,ASDF,jw02733001001_02101_00004_nrcb1_o001_crf.fits
hdutype,218211840,9,PrimaryHDU,ImageHDU,ImageHDU,ImageHDU,ImageHDU,ImageHDU,ImageHDU,ImageHDU,BinTableHDU,jw02733001001_02101_00004_nrcb1_o001_crf.fits
dim,218211840,9,(),"(2048, 2048)","(2048, 2048)","(2048, 2048)","(2048, 2048)","(2048, 2048)","(2048, 2048)","(2048, 2048)","(1, 100696647)",jw02733001001_02101_00004_nrcb1_o001_crf.fits
itemsize,218211840,9,,32,32,32,32,32,32,32,8,jw02733001001_02101_00004_nrcb1_o001_crf.fits
datasize,218211840,9,0,16777216,16777216,16777216,16777216,16777216,16777216,16777216,100696647,jw02733001001_02101_00004_nrcb1_o001_crf.fits
size,218211840,9,28800,16790400,16781760,16781760,16781760,16781760,16781760,16781760,100702080,jw02733001001_02101_00004_nrcb2_o001_crf.fits
name,218211840,9,PRIMARY,SCI,ERR,DQ,AREA,VAR_POISSON,VAR_RNOISE,VAR_FLAT,ASDF,jw02733001001_02101_00004_nrcb2_o001_crf.fits
hdutype,218211840,9,PrimaryHDU,ImageHDU,ImageHDU,ImageHDU,ImageHDU,ImageHDU,ImageHDU,ImageHDU,BinTableHDU,jw02733001001_02101_00004_nrcb2_o001_crf.fits
dim,218211840,9,(),"(2048, 2048)","(2048, 2048)","(2048, 2048)","(2048, 2048)","(2048, 2048)","(2048, 2048)","(2048, 2048)","(1, 100696671)",jw02733001001_02101_00004_nrcb2_o001_crf.fits
itemsize,218211840,9,,32,32,32,32,32,32,32,8,jw02733001001_02101_00004_nrcb2_o001_crf.fits
datasize,218211840,9,0,16777216,16777216,16777216,16777216,16777216,16777216,16777216,100696671,jw02733001001_02101_00004_nrcb2_o001_crf.fits
size,218211840,9,28800,16790400,16781760,16781760,16781760,16781760,16781760,16781760,100702080,jw02733001001_02101_00004_nrcb3_o001_crf.fits
name,218211840,9,PRIMARY,SCI,ERR,DQ,AREA,VAR_POISSON,VAR_RNOISE,VAR_FLAT,ASDF,jw02733001001_02101_00004_nrcb3_o001_crf.fits
hdutype,218211840,9,PrimaryHDU,ImageHDU,ImageHDU,ImageHDU,ImageHDU,ImageHDU,ImageHDU,ImageHDU,BinTableHDU,jw02733001001_02101_00004_nrcb3_o001_crf.fits
dim,218211840,9,(),"(2048, 2048)","(2048, 2048)","(2048, 2048)","(2048, 2048)","(2048, 2048)","(2048, 2048)","(2048, 2048)","(1, 100696663)",jw02733001001_02101_00004_nrcb3_o001_crf.fits
itemsize,218211840,9,,32,32,32,32,32,32,32,8,jw02733001001_02101_00004_nrcb3_o001_crf.fits
datasize,218211840,9,0,16777216,16777216,16777216,16777216,16777216,16777216,16777216,100696663,jw02733001001_02101_00004_nrcb3_o001_crf.fits
size,218211840,9,28800,16790400,16781760,16781760,16781760,16781760,16781760,16781760,100702080,jw02733001001_02101_00004_nrcb4_o001_crf.fits
name,218211840,9,PRIMARY,SCI,ERR,DQ,AREA,VAR_POISSON,VAR_RNOISE,VAR_FLAT,ASDF,jw02733001001_02101_00004_nrcb4_o001_crf.fits
hdutype,218211840,9,PrimaryHDU,ImageHDU,ImageHDU,ImageHDU,ImageHDU,ImageHDU,ImageHDU,ImageHDU,BinTableHDU,jw02733001001_02101_00004_nrcb4_o001_crf.fits
dim,218211840,9,(),"(2048, 2048)","(2048, 2048)","(2048, 2048)","(2048, 2048)","(2048, 2048)","(2048, 2048)","(2048, 2048)","(1, 100696653)",jw02733001001_02101_00004_nrcb4_o001_crf.fits
itemsize,218211840,9,,32,32,32,32,32,32,32,8,jw02733001001_02101_00004_nrcb4_o001_crf.fits
datasize,218211840,9,0,16777216,16777216,16777216,16777216,16777216,16777216,16777216,100696653,jw02733001001_02101_00004_nrcb4_o001_crf.fits
size,218211840,9,28800,16790400,16781760,16781760,16781760,16781760,16781760,16781760,100702080,jw02733001001_02101_00004_nrcblong_o001_crf.fits
name,218211840,9,PRIMARY,SCI,ERR,DQ,AREA,VAR_POISSON,VAR_RNOISE,VAR_FLAT,ASDF,jw02733001001_02101_00004_nrcblong_o001_crf.fits
hdutype,218211840,9,PrimaryHDU,ImageHDU,ImageHDU,ImageHDU,ImageHDU,ImageHDU,ImageHDU,ImageHDU,BinTableHDU,jw02733001001_02101_00004_nrcblong_o001_crf.fits
dim,218211840,9,(),"(2048, 2048)","(2048, 2048)","(2048, 2048)","(2048, 2048)","(2048, 2048)","(2048, 2048)","(2048, 2048)","(1, 100696668)",jw02733001001_02101_00004_nrcblong_o001_crf.fits
itemsize,218211840,9,,32,32,32,32,32,32,32,8,jw02733001001_02101_00004_nrcblong_o001_crf.fits
datasize,218211840,9,0,16777216,16777216,16777216,16777216,16777216,16777216,16777216,100696668,jw02733001001_02101_00004_nrcblong_o001_crf.fits
size,218211840,9,28800,16790400,16781760,16781760,16781760,16781760,16781760,16781760,100702080,jw02733001001_02101_00005_nrcb1_o001_crf.fits
name,218211840,9,PRIMARY,SCI,ERR,DQ,AREA,VAR_POISSON,VAR_RNOISE,VAR_FLAT,ASDF,jw02733001001_02101_00005_nrcb1_o001_crf.fits
hdutype,218211840,9,PrimaryHDU,ImageHDU,ImageHDU,ImageHDU,ImageHDU,ImageHDU,ImageHDU,ImageHDU,BinTableHDU,jw02733001001_02101_00005_nrcb1_o001_crf.fits
dim,218211840,9,(),"(2048, 2048)","(2048, 2048)","(2048, 2048)","(2048, 2048)","(2048, 2048)","(2048, 2048)","(2048, 2048)","(1, 100696641)",jw02733001001_02101_00005_nrcb1_o001_crf.fits
itemsize,218211840,9,,32,32,32,32,32,32,32,8,jw02733001001_02101_00005_nrcb1_o001_crf.fits
datasize,218211840,9,0,16777216,16777216,16777216,16777216,16777216,16777216,16777216,100696641,jw02733001001_02101_00005_nrcb1_o001_crf.fits
size,218211840,9,28800,16790400,16781760,16781760,16781760,16781760,16781760,16781760,100702080,jw02733001001_02101_00005_nrcb2_o001_crf.fits
name,218211840,9,PRIMARY,SCI,ERR,DQ,AREA,VAR_POISSON,VAR_RNOISE,VAR_FLAT,ASDF,jw02733001001_02101_00005_nrcb2_o001_crf.fits
hdutype,218211840,9,PrimaryHDU,ImageHDU,ImageHDU,ImageHDU,ImageHDU,ImageHDU,ImageHDU,ImageHDU,BinTableHDU,jw02733001001_02101_00005_nrcb2_o001_crf.fits
dim,218211840,9,(),"(2048, 2048)","(2048, 2048)","(2048, 2048)","(2048, 2048)","(2048, 2048)","(2048, 2048)","(2048, 2048)","(1, 100696669)",jw02733001001_02101_00005_nrcb2_o001_crf.fits
itemsize,218211840,9,,32,32,32,32,32,32,32,8,jw02733001001_02101_00005_nrcb2_o001_crf.fits
datasize,218211840,9,0,16777216,16777216,16777216,16777216,16777216,16777216,16777216,100696669,jw02733001001_02101_00005_nrcb2_o001_crf.fits
size,218211840,9,28800,16790400,16781760,16781760,16781760,16781760,16781760,16781760,100702080,jw02733001001_02101_00005_nrcb3_o001_crf.fits
name,218211840,9,PRIMARY,SCI,ERR,DQ,AREA,VAR_POISSON,VAR_RNOISE,VAR_FLAT,ASDF,jw02733001001_02101_00005_nrcb3_o001_crf.fits
hdutype,218211840,9,PrimaryHDU,ImageHDU,ImageHDU,ImageHDU,ImageHDU,ImageHDU,ImageHDU,ImageHDU,BinTableHDU,jw02733001001_02101_00005_nrcb3_o001_crf.fits
dim,218211840,9,(),"(2048, 2048)","(2048, 2048)","(2048, 2048)","(2048, 2048)","(2048, 2048)","(2048, 2048)","(2048, 2048)","(1, 100696658)",jw02733001001_02101_00005_nrcb3_o001_crf.fits
itemsize,218211840,9,,32,32,32,32,32,32,32,8,jw02733001001_02101_00005_nrcb3_o001_crf.fits
datasize,218211840,9,0,16777216,16777216,16777216,16777216,16777216,16777216,16777216,100696658,jw02733001001_02101_00005_nrcb3_o001_crf.fits
size,218211840,9,28800,16790400,16781760,16781760,16781760,16781760,16781760,16781760,100702080,jw02733001001_02101_00005_nrcb4_o001_crf.fits
name,218211840,9,PRIMARY,SCI,ERR,DQ,AREA,VAR_POISSON,VAR_RNOISE,VAR_FLAT,ASDF,jw02733001001_02101_00005_nrcb4_o001_crf.fits
hdutype,218211840,9,PrimaryHDU,ImageHDU,ImageHDU,ImageHDU,ImageHDU,ImageHDU,ImageHDU,ImageHDU,BinTableHDU,jw02733001001_02101_00005_nrcb4_o001_crf.fits
dim,218211840,9,(),"(2048, 2048)","(2048, 2048)","(2048, 2048)","(2048, 2048)","(2048, 2048)","(2048, 2048)","(2048, 2048)","(1, 100696667)",jw02733001001_02101_00005_nrcb4_o001_crf.fits
itemsize,218211840,9,,32,32,32,32,32,32,32,8,jw02733001001_02101_00005_nrcb4_o001_crf.fits
datasize,218211840,9,0,16777216,16777216,16777216,16777216,16777216,16777216,16777216,100696667,jw02733001001_02101_00005_nrcb4_o001_crf.fits
size,218211840,9,28800,16790400,16781760,16781760,16781760,16781760,16781760,16781760,100702080,jw02733001001_02101_00005_nrcblong_o001_crf.fits
name,218211840,9,PRIMARY,SCI,ERR,DQ,AREA,VAR_POISSON,VAR_RNOISE,VAR_FLAT,ASDF,jw02733001001_02101_00005_nrcblong_o001_crf.fits
hdutype,218211840,9,PrimaryHDU,ImageHDU,ImageHDU,ImageHDU,ImageHDU,ImageHDU,ImageHDU,ImageHDU,BinTableHDU,jw02733001001_02101_00005_nrcblong_o001_crf.fits
dim,218211840,9,(),"(2048, 2048)","(2048, 2048)","(2048, 2048)","(2048, 2048)","(2048, 2048)","(2048, 2048)","(2048, 2048)","(1, 100696676)",jw02733001001_02101_00005_nrcblong_o001_crf.fits
itemsize,218211840,9,,32,32,32,32,32,32,32,8,jw02733001001_02101_00005_nrcblong_o001_crf.fits
datasize,218211840,9,0,16777216,16777216,16777216,16777216,16777216,16777216,16777216,100696676,jw02733001001_02101_00005_nrcblong_o001_crf.fits
size,218211840,9,28800,16790400,16781760,16781760,16781760,16781760,16781760,16781760,100702080,jw02733001001_02101_00006_nrcb1_o001_crf.fits
name,218211840,9,PRIMARY,SCI,ERR,DQ,AREA,VAR_POISSON,VAR_RNOISE,VAR_FLAT,ASDF,jw02733001001_02101_00006_nrcb1_o001_crf.fits
hdutype,218211840,9,PrimaryHDU,ImageHDU,ImageHDU,ImageHDU,ImageHDU,ImageHDU,ImageHDU,ImageHDU,BinTableHDU,jw02733001001_02101_00006_nrcb1_o001_crf.fits
dim,218211840,9,(),"(2048, 2048)","(2048, 2048)","(2048, 2048)","(2048, 2048)","(2048, 2048)","(2048, 2048)","(2048, 2048)","(1, 100696643)",jw02733001001_02101_00006_nrcb1_o001_crf.fits
itemsize,218211840,9,,32,32,32,32,32,32,32,8,jw02733001001_02101_00006_nrcb1_o001_crf.fits
datasize,218211840,9,0,16777216,16777216,16777216,16777216,16777216,16777216,16777216,100696643,jw02733001001_02101_00006_nrcb1_o001_crf.fits
size,218211840,9,28800,16790400,16781760,16781760,16781760,16781760,16781760,16781760,100702080,jw02733001001_02101_00006_nrcb2_o001_crf.fits
name,218211840,9,PRIMARY,SCI,ERR,DQ,AREA,VAR_POISSON,VAR_RNOISE,VAR_FLAT,ASDF,jw02733001001_02101_00006_nrcb2_o001_crf.fits
hdutype,218211840,9,PrimaryHDU,ImageHDU,ImageHDU,ImageHDU,ImageHDU,ImageHDU,ImageHDU,ImageHDU,BinTableHDU,jw02733001001_02101_00006_nrcb2_o001_crf.fits
dim,218211840,9,(),"(2048, 2048)","(2048, 2048)","(2048, 2048)","(2048, 2048)","(2048, 2048)","(2048, 2048)","(2048, 2048)","(1, 100696666)",jw02733001001_02101_00006_nrcb2_o001_crf.fits
itemsize,218211840,9,,32,32,32,32,32,32,32,8,jw02733001001_02101_00006_nrcb2_o001_crf.fits
datasize,218211840,9,0,16777216,16777216,16777216,16777216,16777216,16777216,16777216,100696666,jw02733001001_02101_00006_nrcb2_o001_crf.fits
size,218211840,9,28800,16790400,16781760,16781760,16781760,16781760,16781760,16781760,100702080,jw02733001001_02101_00006_nrcb3_o001_crf.fits
name,218211840,9,PRIMARY,SCI,ERR,DQ,AREA,VAR_POISSON,VAR_RNOISE,VAR_FLAT,ASDF,jw02733001001_02101_00006_nrcb3_o001_crf.fits
hdutype,218211840,9,PrimaryHDU,ImageHDU,ImageHDU,ImageHDU,ImageHDU,ImageHDU,ImageHDU,ImageHDU,BinTableHDU,jw02733001001_02101_00006_nrcb3_o001_crf.fits
dim,218211840,9,(),"(2048, 2048)","(2048, 2048)","(2048, 2048)","(2048, 2048)","(2048, 2048)","(2048, 2048)","(2048, 2048)","(1, 100696658)",jw02733001001_02101_00006_nrcb3_o001_crf.fits
itemsize,218211840,9,,32,32,32,32,32,32,32,8,jw02733001001_02101_00006_nrcb3_o001_crf.fits
datasize,218211840,9,0,16777216,16777216,16777216,16777216,16777216,16777216,16777216,100696658,jw02733001001_02101_00006_nrcb3_o001_crf.fits
size,218211840,9,28800,16790400,16781760,16781760,16781760,16781760,16781760,16781760,100702080,jw02733001001_02101_00006_nrcb4_o001_crf.fits
name,218211840,9,PRIMARY,SCI,ERR,DQ,AREA,VAR_POISSON,VAR_RNOISE,VAR_FLAT,ASDF,jw02733001001_02101_00006_nrcb4_o001_crf.fits
hdutype,218211840,9,PrimaryHDU,ImageHDU,ImageHDU,ImageHDU,ImageHDU,ImageHDU,ImageHDU,ImageHDU,BinTableHDU,jw02733001001_02101_00006_nrcb4_o001_crf.fits
dim,218211840,9,(),"(2048, 2048)","(2048, 2048)","(2048, 2048)","(2048, 2048)","(2048, 2048)","(2048, 2048)","(2048, 2048)","(1, 100696661)",jw02733001001_02101_00006_nrcb4_o001_crf.fits
itemsize,218211840,9,,32,32,32,32,32,32,32,8,jw02733001001_02101_00006_nrcb4_o001_crf.fits
datasize,218211840,9,0,16777216,16777216,16777216,16777216,16777216,16777216,16777216,100696661,jw02733001001_02101_00006_nrcb4_o001_crf.fits
size,218211840,9,28800,16790400,16781760,16781760,16781760,16781760,16781760,16781760,100702080,jw02733001001_02101_00006_nrcblong_o001_crf.fits
name,218211840,9,PRIMARY,SCI,ERR,DQ,AREA,VAR_POISSON,VAR_RNOISE,VAR_FLAT,ASDF,jw02733001001_02101_00006_nrcblong_o001_crf.fits
hdutype,218211840,9,PrimaryHDU,ImageHDU,ImageHDU,ImageHDU,ImageHDU,ImageHDU,ImageHDU,ImageHDU,BinTableHDU,jw02733001001_02101_00006_nrcblong_o001_crf.fits
dim,218211840,9,(),"(2048, 2048)","(2048, 2048)","(2048, 2048)","(2048, 2048)","(2048, 2048)","(2048, 2048)","(2048, 2048)","(1, 100696677)",jw02733001001_02101_00006_nrcblong_o001_crf.fits
itemsize,218211840,9,,32,32,32,32,32,32,32,8,jw02733001001_02101_00006_nrcblong_o001_crf.fits
datasize,218211840,9,0,16777216,16777216,16777216,16777216,16777216,16777216,16777216,100696677,jw02733001001_02101_00006_nrcblong_o001_crf.fits
size,218211840,9,28800,16790400,16781760,16781760,16781760,16781760,16781760,16781760,100702080,jw02733001001_02101_00007_nrcb1_o001_crf.fits
name,218211840,9,PRIMARY,SCI,ERR,DQ,AREA,VAR_POISSON,VAR_RNOISE,VAR_FLAT,ASDF,jw02733001001_02101_00007_nrcb1_o001_crf.fits
hdutype,218211840,9,PrimaryHDU,ImageHDU,ImageHDU,ImageHDU,ImageHDU,ImageHDU,ImageHDU,ImageHDU,BinTableHDU,jw02733001001_02101_00007_nrcb1_o001_crf.fits
dim,218211840,9,(),"(2048, 2048)","(2048, 2048)","(2048, 2048)","(2048, 2048)","(2048, 2048)","(2048, 2048)","(2048, 2048)","(1, 100696643)",jw02733001001_02101_00007_nrcb1_o001_crf.fits
itemsize,218211840,9,,32,32,32,32,32,32,32,8,jw02733001001_02101_00007_nrcb1_o001_crf.fits
datasize,218211840,9,0,16777216,16777216,16777216,16777216,16777216,16777216,16777216,100696643,jw02733001001_02101_00007_nrcb1_o001_crf.fits
size,218211840,9,28800,16790400,16781760,16781760,16781760,16781760,16781760,16781760,100702080,jw02733001001_02101_00007_nrcb2_o001_crf.fits
name,218211840,9,PRIMARY,SCI,ERR,DQ,AREA,VAR_POISSON,VAR_RNOISE,VAR_FLAT,ASDF,jw02733001001_02101_00007_nrcb2_o001_crf.fits
hdutype,218211840,9,PrimaryHDU,ImageHDU,ImageHDU,ImageHDU,ImageHDU,ImageHDU,ImageHDU,ImageHDU,BinTableHDU,jw02733001001_02101_00007_nrcb2_o001_crf.fits
dim,218211840,9,(),"(2048, 2048)","(2048, 2048)","(2048, 2048)","(2048, 2048)","(2048, 2048)","(2048, 2048)","(2048, 2048)","(1, 100696670)",jw02733001001_02101_00007_nrcb2_o001_crf.fits
itemsize,218211840,9,,32,32,32,32,32,32,32,8,jw02733001001_02101_00007_nrcb2_o001_crf.fits
datasize,218211840,9,0,16777216,16777216,16777216,16777216,16777216,16777216,16777216,100696670,jw02733001001_02101_00007_nrcb2_o001_crf.fits
size,218211840,9,28800,16790400,16781760,16781760,16781760,16781760,16781760,16781760,100702080,jw02733001001_02101_00007_nrcb4_o001_crf.fits
name,218211840,9,PRIMARY,SCI,ERR,DQ,AREA,VAR_POISSON,VAR_RNOISE,VAR_FLAT,ASDF,jw02733001001_02101_00007_nrcb4_o001_crf.fits
hdutype,218211840,9,PrimaryHDU,ImageHDU,ImageHDU,ImageHDU,ImageHDU,ImageHDU,ImageHDU,ImageHDU,BinTableHDU,jw02733001001_02101_00007_nrcb4_o001_crf.fits
dim,218211840,9,(),"(2048, 2048)","(2048, 2048)","(2048, 2048)","(2048, 2048)","(2048, 2048)","(2048, 2048)","(2048, 2048)","(1, 100696671)",jw02733001001_02101_00007_nrcb4_o001_crf.fits
itemsize,218211840,9,,32,32,32,32,32,32,32,8,jw02733001001_02101_00007_nrcb4_o001_crf.fits
datasize,218211840,9,0,16777216,16777216,16777216,16777216,16777216,16777216,16777216,100696671,jw02733001001_02101_00007_nrcb4_o001_crf.fits
size,218211840,9,28800,16790400,16781760,16781760,16781760,16781760,16781760,16781760,100702080,jw02733001001_02101_00007_nrcblong_o001_crf.fits
name,218211840,9,PRIMARY,SCI,ERR,DQ,AREA,VAR_POISSON,VAR_RNOISE,VAR_FLAT,ASDF,jw02733001001_02101_00007_nrcblong_o001_crf.fits
hdutype,218211840,9,PrimaryHDU,ImageHDU,ImageHDU,ImageHDU,ImageHDU,ImageHDU,ImageHDU,ImageHDU,BinTableHDU,jw02733001001_02101_00007_nrcblong_o001_crf.fits
dim,218211840,9,(),"(2048, 2048)","(2048, 2048)","(2048, 2048)","(2048, 2048)","(2048, 2048)","(2048, 2048)","(2048, 2048)","(1, 100696657)",jw02733001001_02101_00007_nrcblong_o001_crf.fits
itemsize,218211840,9,,32,32,32,32,32,32,32,8,jw02733001001_02101_00007_nrcblong_o001_crf.fits
datasize,218211840,9,0,16777216,16777216,16777216,16777216,16777216,16777216,16777216,100696657,jw02733001001_02101_00007_nrcblong_o001_crf.fits
size,218211840,9,28800,16790400,16781760,16781760,16781760,16781760,16781760,16781760,100702080,jw02733001001_02101_00008_nrcb1_o001_crf.fits
name,218211840,9,PRIMARY,SCI,ERR,DQ,AREA,VAR_POISSON,VAR_RNOISE,VAR_FLAT,ASDF,jw02733001001_02101_00008_nrcb1_o001_crf.fits
hdutype,218211840,9,PrimaryHDU,ImageHDU,ImageHDU,ImageHDU,ImageHDU,ImageHDU,ImageHDU,ImageHDU,BinTableHDU,jw02733001001_02101_00008_nrcb1_o001_crf.fits
dim,218211840,9,(),"(2048, 2048)","(2048, 2048)","(2048, 2048)","(2048, 2048)","(2048, 2048)","(2048, 2048)","(2048, 2048)","(1, 100696642)",jw02733001001_02101_00008_nrcb1_o001_crf.fits
itemsize,218211840,9,,32,32,32,32,32,32,32,8,jw02733001001_02101_00008_nrcb1_o001_crf.fits
datasize,218211840,9,0,16777216,16777216,16777216,16777216,16777216,16777216,16777216,100696642,jw02733001001_02101_00008_nrcb1_o001_crf.fits
size,218211840,9,28800,16790400,16781760,16781760,16781760,16781760,16781760,16781760,100702080,jw02733001001_02101_00008_nrcb2_o001_crf.fits
name,218211840,9,PRIMARY,SCI,ERR,DQ,AREA,VAR_POISSON,VAR_RNOISE,VAR_FLAT,ASDF,jw02733001001_02101_00008_nrcb2_o001_crf.fits
hdutype,218211840,9,PrimaryHDU,ImageHDU,ImageHDU,ImageHDU,ImageHDU,ImageHDU,ImageHDU,ImageHDU,BinTableHDU,jw02733001001_02101_00008_nrcb2_o001_crf.fits
dim,218211840,9,(),"(2048, 2048)","(2048, 2048)","(2048, 2048)","(2048, 2048)","(2048, 2048)","(2048, 2048)","(2048, 2048)","(1, 100696674)",jw02733001001_02101_00008_nrcb2_o001_crf.fits
itemsize,218211840,9,,32,32,32,32,32,32,32,8,jw02733001001_02101_00008_nrcb2_o001_crf.fits
datasize,218211840,9,0,16777216,16777216,16777216,16777216,16777216,16777216,16777216,100696674,jw02733001001_02101_00008_nrcb2_o001_crf.fits
size,218211840,9,28800,16790400,16781760,16781760,16781760,16781760,16781760,16781760,100702080,jw02733001001_02101_00008_nrcb3_o001_crf.fits
name,218211840,9,PRIMARY,SCI,ERR,DQ,AREA,VAR_POISSON,VAR_RNOISE,VAR_FLAT,ASDF,jw02733001001_02101_00008_nrcb3_o001_crf.fits
hdutype,218211840,9,PrimaryHDU,ImageHDU,ImageHDU,ImageHDU,ImageHDU,ImageHDU,ImageHDU,ImageHDU,BinTableHDU,jw02733001001_02101_00008_nrcb3_o001_crf.fits
dim,218211840,9,(),"(2048, 2048)","(2048, 2048)","(2048, 2048)","(2048, 2048)","(2048, 2048)","(2048, 2048)","(2048, 2048)","(1, 100696669)",jw02733001001_02101_00008_nrcb3_o001_crf.fits
itemsize,218211840,9,,32,32,32,32,32,32,32,8,jw02733001001_02101_00008_nrcb3_o001_crf.fits
datasize,218211840,9,0,16777216,16777216,16777216,16777216,16777216,16777216,16777216,100696669,jw02733001001_02101_00008_nrcb3_o001_crf.fits
size,218211840,9,28800,16790400,16781760,16781760,16781760,16781760,16781760,16781760,100702080,jw02733001001_02101_00008_nrcb4_o001_crf.fits
name,218211840,9,PRIMARY,SCI,ERR,DQ,AREA,VAR_POISSON,VAR_RNOISE,VAR_FLAT,ASDF,jw02733001001_02101_00008_nrcb4_o001_crf.fits
hdutype,218211840,9,PrimaryHDU,ImageHDU,ImageHDU,ImageHDU,ImageHDU,ImageHDU,ImageHDU,ImageHDU,BinTableHDU,jw02733001001_02101_00008_nrcb4_o001_crf.fits
dim,218211840,9,(),"(2048, 2048)","(2048, 2048)","(2048, 2048)","(2048, 2048)","(2048, 2048)","(2048, 2048)","(2048, 2048)","(1, 100696670)",jw02733001001_02101_00008_nrcb4_o001_crf.fits
itemsize,218211840,9,,32,32,32,32,32,32,32,8,jw02733001001_02101_00008_nrcb4_o001_crf.fits
datasize,218211840,9,0,16777216,16777216,16777216,16777216,16777216,16777216,16777216,100696670,jw02733001001_02101_00008_nrcb4_o001_crf.fits
size,218203200,9,28800,16790400,16781760,16781760,16781760,16781760,16781760,16781760,100693440,jw02733001001_02103_00001_nrcb1_o001_crf.fits
name,218203200,9,PRIMARY,SCI,ERR,DQ,AREA,VAR_POISSON,VAR_RNOISE,VAR_FLAT,ASDF,jw02733001001_02103_00001_nrcb1_o001_crf.fits
hdutype,218203200,9,PrimaryHDU,ImageHDU,ImageHDU,ImageHDU,ImageHDU,ImageHDU,ImageHDU,ImageHDU,BinTableHDU,jw02733001001_02103_00001_nrcb1_o001_crf.fits
dim,218203200,9,(),"(2048, 2048)","(2048, 2048)","(2048, 2048)","(2048, 2048)","(2048, 2048)","(2048, 2048)","(2048, 2048)","(1, 100688488)",jw02733001001_02103_00001_nrcb1_o001_crf.fits
itemsize,218203200,9,,32,32,32,32,32,32,32,8,jw02733001001_02103_00001_nrcb1_o001_crf.fits
datasize,218203200,9,0,16777216,16777216,16777216,16777216,16777216,16777216,16777216,100688488,jw02733001001_02103_00001_nrcb1_o001_crf.fits
size,218203200,9,28800,16790400,16781760,16781760,16781760,16781760,16781760,16781760,100693440,jw02733001001_02103_00001_nrcb2_o001_crf.fits
name,218203200,9,PRIMARY,SCI,ERR,DQ,AREA,VAR_POISSON,VAR_RNOISE,VAR_FLAT,ASDF,jw02733001001_02103_00001_nrcb2_o001_crf.fits
hdutype,218203200,9,PrimaryHDU,ImageHDU,ImageHDU,ImageHDU,ImageHDU,ImageHDU,ImageHDU,ImageHDU,BinTableHDU,jw02733001001_02103_00001_nrcb2_o001_crf.fits
dim,218203200,9,(),"(2048, 2048)","(2048, 2048)","(2048, 2048)","(2048, 2048)","(2048, 2048)","(2048, 2048)","(2048, 2048)","(1, 100688501)",jw02733001001_02103_00001_nrcb2_o001_crf.fits
itemsize,218203200,9,,32,32,32,32,32,32,32,8,jw02733001001_02103_00001_nrcb2_o001_crf.fits
datasize,218203200,9,0,16777216,16777216,16777216,16777216,16777216,16777216,16777216,100688501,jw02733001001_02103_00001_nrcb2_o001_crf.fits
size,218203200,9,28800,16790400,16781760,16781760,16781760,16781760,16781760,16781760,100693440,jw02733001001_02103_00001_nrcb3_o001_crf.fits
name,218203200,9,PRIMARY,SCI,ERR,DQ,AREA,VAR_POISSON,VAR_RNOISE,VAR_FLAT,ASDF,jw02733001001_02103_00001_nrcb3_o001_crf.fits
hdutype,218203200,9,PrimaryHDU,ImageHDU,ImageHDU,ImageHDU,ImageHDU,ImageHDU,ImageHDU,ImageHDU,BinTableHDU,jw02733001001_02103_00001_nrcb3_o001_crf.fits
dim,218203200,9,(),"(2048, 2048)","(2048, 2048)","(2048, 2048)","(2048, 2048)","(2048, 2048)","(2048, 2048)","(2048, 2048)","(1, 100688493)",jw02733001001_02103_00001_nrcb3_o001_crf.fits
itemsize,218203200,9,,32,32,32,32,32,32,32,8,jw02733001001_02103_00001_nrcb3_o001_crf.fits
datasize,218203200,9,0,16777216,16777216,16777216,16777216,16777216,16777216,16777216,100688493,jw02733001001_02103_00001_nrcb3_o001_crf.fits
size,218203200,9,28800,16790400,16781760,16781760,16781760,16781760,16781760,16781760,100693440,jw02733001001_02103_00001_nrcb4_o001_crf.fits
name,218203200,9,PRIMARY,SCI,ERR,DQ,AREA,VAR_POISSON,VAR_RNOISE,VAR_FLAT,ASDF,jw02733001001_02103_00001_nrcb4_o001_crf.fits
hdutype,218203200,9,PrimaryHDU,ImageHDU,ImageHDU,ImageHDU,ImageHDU,ImageHDU,ImageHDU,ImageHDU,BinTableHDU,jw02733001001_02103_00001_nrcb4_o001_crf.fits
dim,218203200,9,(),"(2048, 2048)","(2048, 2048)","(2048, 2048)","(2048, 2048)","(2048, 2048)","(2048, 2048)","(2048, 2048)","(1, 100688487)",jw02733001001_02103_00001_nrcb4_o001_crf.fits
itemsize,218203200,9,,32,32,32,32,32,32,32,8,jw02733001001_02103_00001_nrcb4_o001_crf.fits
datasize,218203200,9,0,16777216,16777216,16777216,16777216,16777216,16777216,16777216,100688487,jw02733001001_02103_00001_nrcb4_o001_crf.fits
size,218211840,9,28800,16790400,16781760,16781760,16781760,16781760,16781760,16781760,100702080,jw02733001001_02103_00001_nrcblong_o001_crf.fits
name,218211840,9,PRIMARY,SCI,ERR,DQ,AREA,VAR_POISSON,VAR_RNOISE,VAR_FLAT,ASDF,jw02733001001_02103_00001_nrcblong_o001_crf.fits
hdutype,218211840,9,PrimaryHDU,ImageHDU,ImageHDU,ImageHDU,ImageHDU,ImageHDU,ImageHDU,ImageHDU,BinTableHDU,jw02733001001_02103_00001_nrcblong_o001_crf.fits
dim,218211840,9,(),"(2048, 2048)","(2048, 2048)","(2048, 2048)","(2048, 2048)","(2048, 2048)","(2048, 2048)","(2048, 2048)","(1, 100696670)",jw02733001001_02103_00001_nrcblong_o001_crf.fits
itemsize,218211840,9,,32,32,32,32,32,32,32,8,jw02733001001_02103_00001_nrcblong_o001_crf.fits
datasize,218211840,9,0,16777216,16777216,16777216,16777216,16777216,16777216,16777216,100696670,jw02733001001_02103_00001_nrcblong_o001_crf.fits
size,218211840,9,28800,16790400,16781760,16781760,16781760,16781760,16781760,16781760,100702080,jw02733001001_02103_00002_nrcb1_o001_crf.fits
name,218211840,9,PRIMARY,SCI,ERR,DQ,AREA,VAR_POISSON,VAR_RNOISE,VAR_FLAT,ASDF,jw02733001001_02103_00002_nrcb1_o001_crf.fits
hdutype,218211840,9,PrimaryHDU,ImageHDU,ImageHDU,ImageHDU,ImageHDU,ImageHDU,ImageHDU,ImageHDU,BinTableHDU,jw02733001001_02103_00002_nrcb1_o001_crf.fits
dim,218211840,9,(),"(2048, 2048)","(2048, 2048)","(2048, 2048)","(2048, 2048)","(2048, 2048)","(2048, 2048)","(2048, 2048)","(1, 100696644)",jw02733001001_02103_00002_nrcb1_o001_crf.fits
itemsize,218211840,9,,32,32,32,32,32,32,32,8,jw02733001001_02103_00002_nrcb1_o001_crf.fits
datasize,218211840,9,0,16777216,16777216,16777216,16777216,16777216,16777216,16777216,100696644,jw02733001001_02103_00002_nrcb1_o001_crf.fits
size,218211840,9,28800,16790400,16781760,16781760,16781760,16781760,16781760,16781760,100702080,jw02733001001_02103_00002_nrcb2_o001_crf.fits
name,218211840,9,PRIMARY,SCI,ERR,DQ,AREA,VAR_POISSON,VAR_RNOISE,VAR_FLAT,ASDF,jw02733001001_02103_00002_nrcb2_o001_crf.fits
hdutype,218211840,9,PrimaryHDU,ImageHDU,ImageHDU,ImageHDU,ImageHDU,ImageHDU,ImageHDU,ImageHDU,BinTableHDU,jw02733001001_02103_00002_nrcb2_o001_crf.fits
dim,218211840,9,(),"(2048, 2048)","(2048, 2048)","(2048, 2048)","(2048, 2048)","(2048, 2048)","(2048, 2048)","(2048, 2048)","(1, 100696679)",jw02733001001_02103_00002_nrcb2_o001_crf.fits
itemsize,218211840,9,,32,32,32,32,32,32,32,8,jw02733001001_02103_00002_nrcb2_o001_crf.fits
datasize,218211840,9,0,16777216,16777216,16777216,16777216,16777216,16777216,16777216,100696679,jw02733001001_02103_00002_nrcb2_o001_crf.fits
size,218211840,9,28800,16790400,16781760,16781760,16781760,16781760,16781760,16781760,100702080,jw02733001001_02103_00002_nrcb3_o001_crf.fits
name,218211840,9,PRIMARY,SCI,ERR,DQ,AREA,VAR_POISSON,VAR_RNOISE,VAR_FLAT,ASDF,jw02733001001_02103_00002_nrcb3_o001_crf.fits
hdutype,218211840,9,PrimaryHDU,ImageHDU,ImageHDU,ImageHDU,ImageHDU,ImageHDU,ImageHDU,ImageHDU,BinTableHDU,jw02733001001_02103_00002_nrcb3_o001_crf.fits
dim,218211840,9,(),"(2048, 2048)","(2048, 2048)","(2048, 2048)","(2048, 2048)","(2048, 2048)","(2048, 2048)","(2048, 2048)","(1, 100696655)",jw02733001001_02103_00002_nrcb3_o001_crf.fits
itemsize,218211840,9,,32,32,32,32,32,32,32,8,jw02733001001_02103_00002_nrcb3_o001_crf.fits
datasize,218211840,9,0,16777216,16777216,16777216,16777216,16777216,16777216,16777216,100696655,jw02733001001_02103_00002_nrcb3_o001_crf.fits
size,218211840,9,28800,16790400,16781760,16781760,16781760,16781760,16781760,16781760,100702080,jw02733001001_02103_00002_nrcb4_o001_crf.fits
name,218211840,9,PRIMARY,SCI,ERR,DQ,AREA,VAR_POISSON,VAR_RNOISE,VAR_FLAT,ASDF,jw02733001001_02103_00002_nrcb4_o001_crf.fits
hdutype,218211840,9,PrimaryHDU,ImageHDU,ImageHDU,ImageHDU,ImageHDU,ImageHDU,ImageHDU,ImageHDU,BinTableHDU,jw02733001001_02103_00002_nrcb4_o001_crf.fits
dim,218211840,9,(),"(2048, 2048)","(2048, 2048)","(2048, 2048)","(2048, 2048)","(2048, 2048)","(2048, 2048)","(2048, 2048)","(1, 100696661)",jw02733001001_02103_00002_nrcb4_o001_crf.fits
itemsize,218211840,9,,32,32,32,32,32,32,32,8,jw02733001001_02103_00002_nrcb4_o001_crf.fits
datasize,218211840,9,0,16777216,16777216,16777216,16777216,16777216,16777216,16777216,100696661,jw02733001001_02103_00002_nrcb4_o001_crf.fits
size,218203200,9,28800,16790400,16781760,16781760,16781760,16781760,16781760,16781760,100693440,jw02733001001_02103_00002_nrcblong_o001_crf.fits
name,218203200,9,PRIMARY,SCI,ERR,DQ,AREA,VAR_POISSON,VAR_RNOISE,VAR_FLAT,ASDF,jw02733001001_02103_00002_nrcblong_o001_crf.fits
hdutype,218203200,9,PrimaryHDU,ImageHDU,ImageHDU,ImageHDU,ImageHDU,ImageHDU,ImageHDU,ImageHDU,BinTableHDU,jw02733001001_02103_00002_nrcblong_o001_crf.fits
dim,218203200,9,(),"(2048, 2048)","(2048, 2048)","(2048, 2048)","(2048, 2048)","(2048, 2048)","(2048, 2048)","(2048, 2048)","(1, 100688510)",jw02733001001_02103_00002_nrcblong_o001_crf.fits
itemsize,218203200,9,,32,32,32,32,32,32,32,8,jw02733001001_02103_00002_nrcblong_o001_crf.fits
datasize,218203200,9,0,16777216,16777216,16777216,16777216,16777216,16777216,16777216,100688510,jw02733001001_02103_00002_nrcblong_o001_crf.fits
size,218211840,9,28800,16790400,16781760,16781760,16781760,16781760,16781760,16781760,100702080,jw02733001001_02103_00003_nrcb1_o001_crf.fits
name,218211840,9,PRIMARY,SCI,ERR,DQ,AREA,VAR_POISSON,VAR_RNOISE,VAR_FLAT,ASDF,jw02733001001_02103_00003_nrcb1_o001_crf.fits
hdutype,218211840,9,PrimaryHDU,ImageHDU,ImageHDU,ImageHDU,ImageHDU,ImageHDU,ImageHDU,ImageHDU,BinTableHDU,jw02733001001_02103_00003_nrcb1_o001_crf.fits
dim,218211840,9,(),"(2048, 2048)","(2048, 2048)","(2048, 2048)","(2048, 2048)","(2048, 2048)","(2048, 2048)","(2048, 2048)","(1, 100696640)",jw02733001001_02103_00003_nrcb1_o001_crf.fits
itemsize,218211840,9,,32,32,32,32,32,32,32,8,jw02733001001_02103_00003_nrcb1_o001_crf.fits
datasize,218211840,9,0,16777216,16777216,16777216,16777216,16777216,16777216,16777216,100696640,jw02733001001_02103_00003_nrcb1_o001_crf.fits
size,218211840,9,28800,16790400,16781760,16781760,16781760,16781760,16781760,16781760,100702080,jw02733001001_02103_00003_nrcb2_o001_crf.fits
name,218211840,9,PRIMARY,SCI,ERR,DQ,AREA,VAR_POISSON,VAR_RNOISE,VAR_FLAT,ASDF,jw02733001001_02103_00003_nrcb2_o001_crf.fits
hdutype,218211840,9,PrimaryHDU,ImageHDU,ImageHDU,ImageHDU,ImageHDU,ImageHDU,ImageHDU,ImageHDU,BinTableHDU,jw02733001001_02103_00003_nrcb2_o001_crf.fits
dim,218211840,9,(),"(2048, 2048)","(2048, 2048)","(2048, 2048)","(2048, 2048)","(2048, 2048)","(2048, 2048)","(2048, 2048)","(1, 100696686)",jw02733001001_02103_00003_nrcb2_o001_crf.fits
itemsize,218211840,9,,32,32,32,32,32,32,32,8,jw02733001001_02103_00003_nrcb2_o001_crf.fits
datasize,218211840,9,0,16777216,16777216,16777216,16777216,16777216,16777216,16777216,100696686,jw02733001001_02103_00003_nrcb2_o001_crf.fits
size,218211840,9,28800,16790400,16781760,16781760,16781760,16781760,16781760,16781760,100702080,jw02733001001_02103_00003_nrcb3_o001_crf.fits
name,218211840,9,PRIMARY,SCI,ERR,DQ,AREA,VAR_POISSON,VAR_RNOISE,VAR_FLAT,ASDF,jw02733001001_02103_00003_nrcb3_o001_crf.fits
hdutype,218211840,9,PrimaryHDU,ImageHDU,ImageHDU,ImageHDU,ImageHDU,ImageHDU,ImageHDU,ImageHDU,BinTableHDU,jw02733001001_02103_00003_nrcb3_o001_crf.fits
dim,218211840,9,(),"(2048, 2048)","(2048, 2048)","(2048, 2048)","(2048, 2048)","(2048, 2048)","(2048, 2048)","(2048, 2048)","(1, 100696663)",jw02733001001_02103_00003_nrcb3_o001_crf.fits
itemsize,218211840,9,,32,32,32,32,32,32,32,8,jw02733001001_02103_00003_nrcb3_o001_crf.fits
datasize,218211840,9,0,16777216,16777216,16777216,16777216,16777216,16777216,16777216,100696663,jw02733001001_02103_00003_nrcb3_o001_crf.fits
size,218211840,9,28800,16790400,16781760,16781760,16781760,16781760,16781760,16781760,100702080,jw02733001001_02103_00003_nrcb4_o001_crf.fits
name,218211840,9,PRIMARY,SCI,ERR,DQ,AREA,VAR_POISSON,VAR_RNOISE,VAR_FLAT,ASDF,jw02733001001_02103_00003_nrcb4_o001_crf.fits
hdutype,218211840,9,PrimaryHDU,ImageHDU,ImageHDU,ImageHDU,ImageHDU,ImageHDU,ImageHDU,ImageHDU,BinTableHDU,jw02733001001_02103_00003_nrcb4_o001_crf.fits
dim,218211840,9,(),"(2048, 2048)","(2048, 2048)","(2048, 2048)","(2048, 2048)","(2048, 2048)","(2048, 2048)","(2048, 2048)","(1, 100696660)",jw02733001001_02103_00003_nrcb4_o001_crf.fits
itemsize,218211840,9,,32,32,32,32,32,32,32,8,jw02733001001_02103_00003_nrcb4_o001_crf.fits
datasize,218211840,9,0,16777216,16777216,16777216,16777216,16777216,16777216,16777216,100696660,jw02733001001_02103_00003_nrcb4_o001_crf.fits
size,218211840,9,28800,16790400,16781760,16781760,16781760,16781760,16781760,16781760,100702080,jw02733001001_02103_00003_nrcblong_o001_crf.fits
name,218211840,9,PRIMARY,SCI,ERR,DQ,AREA,VAR_POISSON,VAR_RNOISE,VAR_FLAT,ASDF,jw02733001001_02103_00003_nrcblong_o001_crf.fits
hdutype,218211840,9,PrimaryHDU,ImageHDU,ImageHDU,ImageHDU,ImageHDU,ImageHDU,ImageHDU,ImageHDU,BinTableHDU,jw02733001001_02103_00003_nrcblong_o001_crf.fits
dim,218211840,9,(),"(2048, 2048)","(2048, 2048)","(2048, 2048)","(2048, 2048)","(2048, 2048)","(2048, 2048)","(2048, 2048)","(1, 100696653)",jw02733001001_02103_00003_nrcblong_o001_crf.fits
itemsize,218211840,9,,32,32,32,32,32,32,32,8,jw02733001001_02103_00003_nrcblong_o001_crf.fits
datasize,218211840,9,0,16777216,16777216,16777216,16777216,16777216,16777216,16777216,100696653,jw02733001001_02103_00003_nrcblong_o001_crf.fits
size,218211840,9,28800,16790400,16781760,16781760,16781760,16781760,16781760,16781760,100702080,jw02733001001_02103_00004_nrcb1_o001_crf.fits
name,218211840,9,PRIMARY,SCI,ERR,DQ,AREA,VAR_POISSON,VAR_RNOISE,VAR_FLAT,ASDF,jw02733001001_02103_00004_nrcb1_o001_crf.fits
hdutype,218211840,9,PrimaryHDU,ImageHDU,ImageHDU,ImageHDU,ImageHDU,ImageHDU,ImageHDU,ImageHDU,BinTableHDU,jw02733001001_02103_00004_nrcb1_o001_crf.fits
dim,218211840,9,(),"(2048, 2048)","(2048, 2048)","(2048, 2048)","(2048, 2048)","(2048, 2048)","(2048, 2048)","(2048, 2048)","(1, 100696619)",jw02733001001_02103_00004_nrcb1_o001_crf.fits
itemsize,218211840,9,,32,32,32,32,32,32,32,8,jw02733001001_02103_00004_nrcb1_o001_crf.fits
datasize,218211840,9,0,16777216,16777216,16777216,16777216,16777216,16777216,16777216,100696619,jw02733001001_02103_00004_nrcb1_o001_crf.fits
size,218211840,9,28800,16790400,16781760,16781760,16781760,16781760,16781760,16781760,100702080,jw02733001001_02103_00004_nrcb2_o001_crf.fits
name,218211840,9,PRIMARY,SCI,ERR,DQ,AREA,VAR_POISSON,VAR_RNOISE,VAR_FLAT,ASDF,jw02733001001_02103_00004_nrcb2_o001_crf.fits
hdutype,218211840,9,PrimaryHDU,ImageHDU,ImageHDU,ImageHDU,ImageHDU,ImageHDU,ImageHDU,ImageHDU,BinTableHDU,jw02733001001_02103_00004_nrcb2_o001_crf.fits
dim,218211840,9,(),"(2048, 2048)","(2048, 2048)","(2048, 2048)","(2048, 2048)","(2048, 2048)","(2048, 2048)","(2048, 2048)","(1, 100696653)",jw02733001001_02103_00004_nrcb2_o001_crf.fits
itemsize,218211840,9,,32,32,32,32,32,32,32,8,jw02733001001_02103_00004_nrcb2_o001_crf.fits
datasize,218211840,9,0,16777216,16777216,16777216,16777216,16777216,16777216,16777216,100696653,jw02733001001_02103_00004_nrcb2_o001_crf.fits
size,218211840,9,28800,16790400,16781760,16781760,16781760,16781760,16781760,16781760,100702080,jw02733001001_02103_00004_nrcb3_o001_crf.fits
name,218211840,9,PRIMARY,SCI,ERR,DQ,AREA,VAR_POISSON,VAR_RNOISE,VAR_FLAT,ASDF,jw02733001001_02103_00004_nrcb3_o001_crf.fits
hdutype,218211840,9,PrimaryHDU,ImageHDU,ImageHDU,ImageHDU,ImageHDU,ImageHDU,ImageHDU,ImageHDU,BinTableHDU,jw02733001001_02103_00004_nrcb3_o001_crf.fits
dim,218211840,9,(),"(2048, 2048)","(2048, 2048)","(2048, 2048)","(2048, 2048)","(2048, 2048)","(2048, 2048)","(2048, 2048)","(1, 100696634)",jw02733001001_02103_00004_nrcb3_o001_crf.fits
itemsize,218211840,9,,32,32,32,32,32,32,32,8,jw02733001001_02103_00004_nrcb3_o001_crf.fits
datasize,218211840,9,0,16777216,16777216,16777216,16777216,16777216,16777216,16777216,100696634,jw02733001001_02103_00004_nrcb3_o001_crf.fits
size,218211840,9,28800,16790400,16781760,16781760,16781760,16781760,16781760,16781760,100702080,jw02733001001_02103_00004_nrcb4_o001_crf.fits
name,218211840,9,PRIMARY,SCI,ERR,DQ,AREA,VAR_POISSON,VAR_RNOISE,VAR_FLAT,ASDF,jw02733001001_02103_00004_nrcb4_o001_crf.fits
hdutype,218211840,9,PrimaryHDU,ImageHDU,ImageHDU,ImageHDU,ImageHDU,ImageHDU,ImageHDU,ImageHDU,BinTableHDU,jw02733001001_02103_00004_nrcb4_o001_crf.fits
dim,218211840,9,(),"(2048, 2048)","(2048, 2048)","(2048, 2048)","(2048, 2048)","(2048, 2048)","(2048, 2048)","(2048, 2048)","(1, 100696650)",jw02733001001_02103_00004_nrcb4_o001_crf.fits
itemsize,218211840,9,,32,32,32,32,32,32,32,8,jw02733001001_02103_00004_nrcb4_o001_crf.fits
datasize,218211840,9,0,16777216,16777216,16777216,16777216,16777216,16777216,16777216,100696650,jw02733001001_02103_00004_nrcb4_o001_crf.fits
size,218211840,9,28800,16790400,16781760,16781760,16781760,16781760,16781760,16781760,100702080,jw02733001001_02103_00004_nrcblong_o001_crf.fits
name,218211840,9,PRIMARY,SCI,ERR,DQ,AREA,VAR_POISSON,VAR_RNOISE,VAR_FLAT,ASDF,jw02733001001_02103_00004_nrcblong_o001_crf.fits
hdutype,218211840,9,PrimaryHDU,ImageHDU,ImageHDU,ImageHDU,ImageHDU,ImageHDU,ImageHDU,ImageHDU,BinTableHDU,jw02733001001_02103_00004_nrcblong_o001_crf.fits
dim,218211840,9,(),"(2048, 2048)","(2048, 2048)","(2048, 2048)","(2048, 2048)","(2048, 2048)","(2048, 2048)","(2048, 2048)","(1, 100696669)",jw02733001001_02103_00004_nrcblong_o001_crf.fits
itemsize,218211840,9,,32,32,32,32,32,32,32,8,jw02733001001_02103_00004_nrcblong_o001_crf.fits
datasize,218211840,9,0,16777216,16777216,16777216,16777216,16777216,16777216,16777216,100696669,jw02733001001_02103_00004_nrcblong_o001_crf.fits
size,218211840,9,28800,16790400,16781760,16781760,16781760,16781760,16781760,16781760,100702080,jw02733001001_02103_00005_nrcb1_o001_crf.fits
name,218211840,9,PRIMARY,SCI,ERR,DQ,AREA,VAR_POISSON,VAR_RNOISE,VAR_FLAT,ASDF,jw02733001001_02103_00005_nrcb1_o001_crf.fits
hdutype,218211840,9,PrimaryHDU,ImageHDU,ImageHDU,ImageHDU,ImageHDU,ImageHDU,ImageHDU,ImageHDU,BinTableHDU,jw02733001001_02103_00005_nrcb1_o001_crf.fits
dim,218211840,9,(),"(2048, 2048)","(2048, 2048)","(2048, 2048)","(2048, 2048)","(2048, 2048)","(2048, 2048)","(2048, 2048)","(1, 100696645)",jw02733001001_02103_00005_nrcb1_o001_crf.fits
itemsize,218211840,9,,32,32,32,32,32,32,32,8,jw02733001001_02103_00005_nrcb1_o001_crf.fits
datasize,218211840,9,0,16777216,16777216,16777216,16777216,16777216,16777216,16777216,100696645,jw02733001001_02103_00005_nrcb1_o001_crf.fits
size,218211840,9,28800,16790400,16781760,16781760,16781760,16781760,16781760,16781760,100702080,jw02733001001_02103_00005_nrcb2_o001_crf.fits
name,218211840,9,PRIMARY,SCI,ERR,DQ,AREA,VAR_POISSON,VAR_RNOISE,VAR_FLAT,ASDF,jw02733001001_02103_00005_nrcb2_o001_crf.fits
hdutype,218211840,9,PrimaryHDU,ImageHDU,ImageHDU,ImageHDU,ImageHDU,ImageHDU,ImageHDU,ImageHDU,BinTableHDU,jw02733001001_02103_00005_nrcb2_o001_crf.fits
dim,218211840,9,(),"(2048, 2048)","(2048, 2048)","(2048, 2048)","(2048, 2048)","(2048, 2048)","(2048, 2048)","(2048, 2048)","(1, 100696664)",jw02733001001_02103_00005_nrcb2_o001_crf.fits
itemsize,218211840,9,,32,32,32,32,32,32,32,8,jw02733001001_02103_00005_nrcb2_o001_crf.fits
datasize,218211840,9,0,16777216,16777216,16777216,16777216,16777216,16777216,16777216,100696664,jw02733001001_02103_00005_nrcb2_o001_crf.fits
size,218211840,9,28800,16790400,16781760,16781760,16781760,16781760,16781760,16781760,100702080,jw02733001001_02103_00005_nrcb3_o001_crf.fits
name,218211840,9,PRIMARY,SCI,ERR,DQ,AREA,VAR_POISSON,VAR_RNOISE,VAR_FLAT,ASDF,jw02733001001_02103_00005_nrcb3_o001_crf.fits
hdutype,218211840,9,PrimaryHDU,ImageHDU,ImageHDU,ImageHDU,ImageHDU,ImageHDU,ImageHDU,ImageHDU,BinTableHDU,jw02733001001_02103_00005_nrcb3_o001_crf.fits
dim,218211840,9,(),"(2048, 2048)","(2048, 2048)","(2048, 2048)","(2048, 2048)","(2048, 2048)","(2048, 2048)","(2048, 2048)","(1, 100696664)",jw02733001001_02103_00005_nrcb3_o001_crf.fits
itemsize,218211840,9,,32,32,32,32,32,32,32,8,jw02733001001_02103_00005_nrcb3_o001_crf.fits
datasize,218211840,9,0,16777216,16777216,16777216,16777216,16777216,16777216,16777216,100696664,jw02733001001_02103_00005_nrcb3_o001_crf.fits
size,218211840,9,28800,16790400,16781760,16781760,16781760,16781760,16781760,16781760,100702080,jw02733001001_02103_00005_nrcb4_o001_crf.fits
name,218211840,9,PRIMARY,SCI,ERR,DQ,AREA,VAR_POISSON,VAR_RNOISE,VAR_FLAT,ASDF,jw02733001001_02103_00005_nrcb4_o001_crf.fits
hdutype,218211840,9,PrimaryHDU,ImageHDU,ImageHDU,ImageHDU,ImageHDU,ImageHDU,ImageHDU,ImageHDU,BinTableHDU,jw02733001001_02103_00005_nrcb4_o001_crf.fits
dim,218211840,9,(),"(2048, 2048)","(2048, 2048)","(2048, 2048)","(2048, 2048)","(2048, 2048)","(2048, 2048)","(2048, 2048)","(1, 100696667)",jw02733001001_02103_00005_nrcb4_o001_crf.fits
itemsize,218211840,9,,32,32,32,32,32,32,32,8,jw02733001001_02103_00005_nrcb4_o001_crf.fits
datasize,218211840,9,0,16777216,16777216,16777216,16777216,16777216,16777216,16777216,100696667,jw02733001001_02103_00005_nrcb4_o001_crf.fits
size,218211840,9,28800,16790400,16781760,16781760,16781760,16781760,16781760,16781760,100702080,jw02733001001_02103_00005_nrcblong_o001_crf.fits
name,218211840,9,PRIMARY,SCI,ERR,DQ,AREA,VAR_POISSON,VAR_RNOISE,VAR_FLAT,ASDF,jw02733001001_02103_00005_nrcblong_o001_crf.fits
hdutype,218211840,9,PrimaryHDU,ImageHDU,ImageHDU,ImageHDU,ImageHDU,ImageHDU,ImageHDU,ImageHDU,BinTableHDU,jw02733001001_02103_00005_nrcblong_o001_crf.fits
dim,218211840,9,(),"(2048, 2048)","(2048, 2048)","(2048, 2048)","(2048, 2048)","(2048, 2048)","(2048, 2048)","(2048, 2048)","(1, 100696673)",jw02733001001_02103_00005_nrcblong_o001_crf.fits
itemsize,218211840,9,,32,32,32,32,32,32,32,8,jw02733001001_02103_00005_nrcblong_o001_crf.fits
datasize,218211840,9,0,16777216,16777216,16777216,16777216,16777216,16777216,16777216,100696673,jw02733001001_02103_00005_nrcblong_o001_crf.fits
size,218211840,9,28800,16790400,16781760,16781760,16781760,16781760,16781760,16781760,100702080,jw02733001001_02103_00006_nrcb1_o001_crf.fits
name,218211840,9,PRIMARY,SCI,ERR,DQ,AREA,VAR_POISSON,VAR_RNOISE,VAR_FLAT,ASDF,jw02733001001_02103_00006_nrcb1_o001_crf.fits
hdutype,218211840,9,PrimaryHDU,ImageHDU,ImageHDU,ImageHDU,ImageHDU,ImageHDU,ImageHDU,ImageHDU,BinTableHDU,jw02733001001_02103_00006_nrcb1_o001_crf.fits
dim,218211840,9,(),"(2048, 2048)","(2048, 2048)","(2048, 2048)","(2048, 2048)","(2048, 2048)","(2048, 2048)","(2048, 2048)","(1, 100696636)",jw02733001001_02103_00006_nrcb1_o001_crf.fits
itemsize,218211840,9,,32,32,32,32,32,32,32,8,jw02733001001_02103_00006_nrcb1_o001_crf.fits
datasize,218211840,9,0,16777216,16777216,16777216,16777216,16777216,16777216,16777216,100696636,jw02733001001_02103_00006_nrcb1_o001_crf.fits
size,218211840,9,28800,16790400,16781760,16781760,16781760,16781760,16781760,16781760,100702080,jw02733001001_02103_00006_nrcb2_o001_crf.fits
name,218211840,9,PRIMARY,SCI,ERR,DQ,AREA,VAR_POISSON,VAR_RNOISE,VAR_FLAT,ASDF,jw02733001001_02103_00006_nrcb2_o001_crf.fits
hdutype,218211840,9,PrimaryHDU,ImageHDU,ImageHDU,ImageHDU,ImageHDU,ImageHDU,ImageHDU,ImageHDU,BinTableHDU,jw02733001001_02103_00006_nrcb2_o001_crf.fits
dim,218211840,9,(),"(2048, 2048)","(2048, 2048)","(2048, 2048)","(2048, 2048)","(2048, 2048)","(2048, 2048)","(2048, 2048)","(1, 100696662)",jw02733001001_02103_00006_nrcb2_o001_crf.fits
itemsize,218211840,9,,32,32,32,32,32,32,32,8,jw02733001001_02103_00006_nrcb2_o001_crf.fits
datasize,218211840,9,0,16777216,16777216,16777216,16777216,16777216,16777216,16777216,100696662,jw02733001001_02103_00006_nrcb2_o001_crf.fits
size,218211840,9,28800,16790400,16781760,16781760,16781760,16781760,16781760,16781760,100702080,jw02733001001_02103_00006_nrcb3_o001_crf.fits
name,218211840,9,PRIMARY,SCI,ERR,DQ,AREA,VAR_POISSON,VAR_RNOISE,VAR_FLAT,ASDF,jw02733001001_02103_00006_nrcb3_o001_crf.fits
hdutype,218211840,9,PrimaryHDU,ImageHDU,ImageHDU,ImageHDU,ImageHDU,ImageHDU,ImageHDU,ImageHDU,BinTableHDU,jw02733001001_02103_00006_nrcb3_o001_crf.fits
dim,218211840,9,(),"(2048, 2048)","(2048, 2048)","(2048, 2048)","(2048, 2048)","(2048, 2048)","(2048, 2048)","(2048, 2048)","(1, 100696647)",jw02733001001_02103_00006_nrcb3_o001_crf.fits
itemsize,218211840,9,,32,32,32,32,32,32,32,8,jw02733001001_02103_00006_nrcb3_o001_crf.fits
datasize,218211840,9,0,16777216,16777216,16777216,16777216,16777216,16777216,16777216,100696647,jw02733001001_02103_00006_nrcb3_o001_crf.fits
size,218211840,9,28800,16790400,16781760,16781760,16781760,16781760,16781760,16781760,100702080,jw02733001001_02103_00006_nrcb4_o001_crf.fits
name,218211840,9,PRIMARY,SCI,ERR,DQ,AREA,VAR_POISSON,VAR_RNOISE,VAR_FLAT,ASDF,jw02733001001_02103_00006_nrcb4_o001_crf.fits
hdutype,218211840,9,PrimaryHDU,ImageHDU,ImageHDU,ImageHDU,ImageHDU,ImageHDU,ImageHDU,ImageHDU,BinTableHDU,jw02733001001_02103_00006_nrcb4_o001_crf.fits
dim,218211840,9,(),"(2048, 2048)","(2048, 2048)","(2048, 2048)","(2048, 2048)","(2048, 2048)","(2048, 2048)","(2048, 2048)","(1, 100696661)",jw02733001001_02103_00006_nrcb4_o001_crf.fits
itemsize,218211840,9,,32,32,32,32,32,32,32,8,jw02733001001_02103_00006_nrcb4_o001_crf.fits
datasize,218211840,9,0,16777216,16777216,16777216,16777216,16777216,16777216,16777216,100696661,jw02733001001_02103_00006_nrcb4_o001_crf.fits
size,218211840,9,28800,16790400,16781760,16781760,16781760,16781760,16781760,16781760,100702080,jw02733001001_02103_00006_nrcblong_o001_crf.fits
name,218211840,9,PRIMARY,SCI,ERR,DQ,AREA,VAR_POISSON,VAR_RNOISE,VAR_FLAT,ASDF,jw02733001001_02103_00006_nrcblong_o001_crf.fits
hdutype,218211840,9,PrimaryHDU,ImageHDU,ImageHDU,ImageHDU,ImageHDU,ImageHDU,ImageHDU,ImageHDU,BinTableHDU,jw02733001001_02103_00006_nrcblong_o001_crf.fits
dim,218211840,9,(),"(2048, 2048)","(2048, 2048)","(2048, 2048)","(2048, 2048)","(2048, 2048)","(2048, 2048)","(2048, 2048)","(1, 100696672)",jw02733001001_02103_00006_nrcblong_o001_crf.fits
itemsize,218211840,9,,32,32,32,32,32,32,32,8,jw02733001001_02103_00006_nrcblong_o001_crf.fits
datasize,218211840,9,0,16777216,16777216,16777216,16777216,16777216,16777216,16777216,100696672,jw02733001001_02103_00006_nrcblong_o001_crf.fits
size,218211840,9,28800,16790400,16781760,16781760,16781760,16781760,16781760,16781760,100702080,jw02733001001_02103_00007_nrcb2_o001_crf.fits
name,218211840,9,PRIMARY,SCI,ERR,DQ,AREA,VAR_POISSON,VAR_RNOISE,VAR_FLAT,ASDF,jw02733001001_02103_00007_nrcb2_o001_crf.fits
hdutype,218211840,9,PrimaryHDU,ImageHDU,ImageHDU,ImageHDU,ImageHDU,ImageHDU,ImageHDU,ImageHDU,BinTableHDU,jw02733001001_02103_00007_nrcb2_o001_crf.fits
dim,218211840,9,(),"(2048, 2048)","(2048, 2048)","(2048, 2048)","(2048, 2048)","(2048, 2048)","(2048, 2048)","(2048, 2048)","(1, 100696669)",jw02733001001_02103_00007_nrcb2_o001_crf.fits
itemsize,218211840,9,,32,32,32,32,32,32,32,8,jw02733001001_02103_00007_nrcb2_o001_crf.fits
datasize,218211840,9,0,16777216,16777216,16777216,16777216,16777216,16777216,16777216,100696669,jw02733001001_02103_00007_nrcb2_o001_crf.fits
size,218211840,9,28800,16790400,16781760,16781760,16781760,16781760,16781760,16781760,100702080,jw02733001001_02103_00007_nrcb3_o001_crf.fits
name,218211840,9,PRIMARY,SCI,ERR,DQ,AREA,VAR_POISSON,VAR_RNOISE,VAR_FLAT,ASDF,jw02733001001_02103_00007_nrcb3_o001_crf.fits
hdutype,218211840,9,PrimaryHDU,ImageHDU,ImageHDU,ImageHDU,ImageHDU,ImageHDU,ImageHDU,ImageHDU,BinTableHDU,jw02733001001_02103_00007_nrcb3_o001_crf.fits
dim,218211840,9,(),"(2048, 2048)","(2048, 2048)","(2048, 2048)","(2048, 2048)","(2048, 2048)","(2048, 2048)","(2048, 2048)","(1, 100696650)",jw02733001001_02103_00007_nrcb3_o001_crf.fits
itemsize,218211840,9,,32,32,32,32,32,32,32,8,jw02733001001_02103_00007_nrcb3_o001_crf.fits
datasize,218211840,9,0,16777216,16777216,16777216,16777216,16777216,16777216,16777216,100696650,jw02733001001_02103_00007_nrcb3_o001_crf.fits
size,218211840,9,28800,16790400,16781760,16781760,16781760,16781760,16781760,16781760,100702080,jw02733001001_02103_00007_nrcb4_o001_crf.fits
name,218211840,9,PRIMARY,SCI,ERR,DQ,AREA,VAR_POISSON,VAR_RNOISE,VAR_FLAT,ASDF,jw02733001001_02103_00007_nrcb4_o001_crf.fits
hdutype,218211840,9,PrimaryHDU,ImageHDU,ImageHDU,ImageHDU,ImageHDU,ImageHDU,ImageHDU,ImageHDU,BinTableHDU,jw02733001001_02103_00007_nrcb4_o001_crf.fits
dim,218211840,9,(),"(2048, 2048)","(2048, 2048)","(2048, 2048)","(2048, 2048)","(2048, 2048)","(2048, 2048)","(2048, 2048)","(1, 100696664)",jw02733001001_02103_00007_nrcb4_o001_crf.fits
itemsize,218211840,9,,32,32,32,32,32,32,32,8,jw02733001001_02103_00007_nrcb4_o001_crf.fits
datasize,218211840,9,0,16777216,16777216,16777216,16777216,16777216,16777216,16777216,100696664,jw02733001001_02103_00007_nrcb4_o001_crf.fits
size,218211840,9,28800,16790400,16781760,16781760,16781760,16781760,16781760,16781760,100702080,jw02733001001_02103_00007_nrcblong_o001_crf.fits
name,218211840,9,PRIMARY,SCI,ERR,DQ,AREA,VAR_POISSON,VAR_RNOISE,VAR_FLAT,ASDF,jw02733001001_02103_00007_nrcblong_o001_crf.fits
hdutype,218211840,9,PrimaryHDU,ImageHDU,ImageHDU,ImageHDU,ImageHDU,ImageHDU,ImageHDU,ImageHDU,BinTableHDU,jw02733001001_02103_00007_nrcblong_o001_crf.fits
dim,218211840,9,(),"(2048, 2048)","(2048, 2048)","(2048, 2048)","(2048, 2048)","(2048, 2048)","(2048, 2048)","(2048, 2048)","(1, 100696673)",jw02733001001_02103_00007_nrcblong_o001_crf.fits
itemsize,218211840,9,,32,32,32,32,32,32,32,8,jw02733001001_02103_00007_nrcblong_o001_crf.fits
datasize,218211840,9,0,16777216,16777216,16777216,16777216,16777216,16777216,16777216,100696673,jw02733001001_02103_00007_nrcblong_o001_crf.fits
size,218211840,9,28800,16790400,16781760,16781760,16781760,16781760,16781760,16781760,100702080,jw02733001001_02103_00008_nrcb1_o001_crf.fits
name,218211840,9,PRIMARY,SCI,ERR,DQ,AREA,VAR_POISSON,VAR_RNOISE,VAR_FLAT,ASDF,jw02733001001_02103_00008_nrcb1_o001_crf.fits
hdutype,218211840,9,PrimaryHDU,ImageHDU,ImageHDU,ImageHDU,ImageHDU,ImageHDU,ImageHDU,ImageHDU,BinTableHDU,jw02733001001_02103_00008_nrcb1_o001_crf.fits
dim,218211840,9,(),"(2048, 2048)","(2048, 2048)","(2048, 2048)","(2048, 2048)","(2048, 2048)","(2048, 2048)","(2048, 2048)","(1, 100696637)",jw02733001001_02103_00008_nrcb1_o001_crf.fits
itemsize,218211840,9,,32,32,32,32,32,32,32,8,jw02733001001_02103_00008_nrcb1_o001_crf.fits
datasize,218211840,9,0,16777216,16777216,16777216,16777216,16777216,16777216,16777216,100696637,jw02733001001_02103_00008_nrcb1_o001_crf.fits
size,218211840,9,28800,16790400,16781760,16781760,16781760,16781760,16781760,16781760,100702080,jw02733001001_02103_00008_nrcb2_o001_crf.fits
name,218211840,9,PRIMARY,SCI,ERR,DQ,AREA,VAR_POISSON,VAR_RNOISE,VAR_FLAT,ASDF,jw02733001001_02103_00008_nrcb2_o001_crf.fits
hdutype,218211840,9,PrimaryHDU,ImageHDU,ImageHDU,ImageHDU,ImageHDU,ImageHDU,ImageHDU,ImageHDU,BinTableHDU,jw02733001001_02103_00008_nrcb2_o001_crf.fits
dim,218211840,9,(),"(2048, 2048)","(2048, 2048)","(2048, 2048)","(2048, 2048)","(2048, 2048)","(2048, 2048)","(2048, 2048)","(1, 100696668)",jw02733001001_02103_00008_nrcb2_o001_crf.fits
itemsize,218211840,9,,32,32,32,32,32,32,32,8,jw02733001001_02103_00008_nrcb2_o001_crf.fits
datasize,218211840,9,0,16777216,16777216,16777216,16777216,16777216,16777216,16777216,100696668,jw02733001001_02103_00008_nrcb2_o001_crf.fits
size,218211840,9,28800,16790400,16781760,16781760,16781760,16781760,16781760,16781760,100702080,jw02733001001_02103_00008_nrcb3_o001_crf.fits
name,218211840,9,PRIMARY,SCI,ERR,DQ,AREA,VAR_POISSON,VAR_RNOISE,VAR_FLAT,ASDF,jw02733001001_02103_00008_nrcb3_o001_crf.fits
hdutype,218211840,9,PrimaryHDU,ImageHDU,ImageHDU,ImageHDU,ImageHDU,ImageHDU,ImageHDU,ImageHDU,BinTableHDU,jw02733001001_02103_00008_nrcb3_o001_crf.fits
dim,218211840,9,(),"(2048, 2048)","(2048, 2048)","(2048, 2048)","(2048, 2048)","(2048, 2048)","(2048, 2048)","(2048, 2048)","(1, 100696648)",jw02733001001_02103_00008_nrcb3_o001_crf.fits
itemsize,218211840,9,,32,32,32,32,32,32,32,8,jw02733001001_02103_00008_nrcb3_o001_crf.fits
datasize,218211840,9,0,16777216,16777216,16777216,16777216,16777216,16777216,16777216,100696648,jw02733001001_02103_00008_nrcb3_o001_crf.fits
size,218211840,9,28800,16790400,16781760,16781760,16781760,16781760,16781760,16781760,100702080,jw02733001001_02103_00008_nrcb4_o001_crf.fits
name,218211840,9,PRIMARY,SCI,ERR,DQ,AREA,VAR_POISSON,VAR_RNOISE,VAR_FLAT,ASDF,jw02733001001_02103_00008_nrcb4_o001_crf.fits
hdutype,218211840,9,PrimaryHDU,ImageHDU,ImageHDU,ImageHDU,ImageHDU,ImageHDU,ImageHDU,ImageHDU,BinTableHDU,jw02733001001_02103_00008_nrcb4_o001_crf.fits
dim,218211840,9,(),"(2048, 2048)","(2048, 2048)","(2048, 2048)","(2048, 2048)","(2048, 2048)","(2048, 2048)","(2048, 2048)","(1, 100696656)",jw02733001001_02103_00008_nrcb4_o001_crf.fits
itemsize,218211840,9,,32,32,32,32,32,32,32,8,jw02733001001_02103_00008_nrcb4_o001_crf.fits
datasize,218211840,9,0,16777216,16777216,16777216,16777216,16777216,16777216,16777216,100696656,jw02733001001_02103_00008_nrcb4_o001_crf.fits
size,218211840,9,28800,16790400,16781760,16781760,16781760,16781760,16781760,16781760,100702080,jw02733001001_02103_00008_nrcblong_o001_crf.fits
name,218211840,9,PRIMARY,SCI,ERR,DQ,AREA,VAR_POISSON,VAR_RNOISE,VAR_FLAT,ASDF,jw02733001001_02103_00008_nrcblong_o001_crf.fits
hdutype,218211840,9,PrimaryHDU,ImageHDU,ImageHDU,ImageHDU,ImageHDU,ImageHDU,ImageHDU,ImageHDU,BinTableHDU,jw02733001001_02103_00008_nrcblong_o001_crf.fits
dim,218211840,9,(),"(2048, 2048)","(2048, 2048)","(2048, 2048)","(2048, 2048)","(2048, 2048)","(2048, 2048)","(2048, 2048)","(1, 100696675)",jw02733001001_02103_00008_nrcblong_o001_crf.fits
itemsize,218211840,9,,32,32,32,32,32,32,32,8,jw02733001001_02103_00008_nrcblong_o001_crf.fits
datasize,218211840,9,0,16777216,16777216,16777216,16777216,16777216,16777216,16777216,100696675,jw02733001001_02103_00008_nrcblong_o001_crf.fits
size,218211840,9,28800,16790400,16781760,16781760,16781760,16781760,16781760,16781760,100702080,jw02733001001_02105_00001_nrcb1_o001_crf.fits
name,218211840,9,PRIMARY,SCI,ERR,DQ,AREA,VAR_POISSON,VAR_RNOISE,VAR_FLAT,ASDF,jw02733001001_02105_00001_nrcb1_o001_crf.fits
hdutype,218211840,9,PrimaryHDU,ImageHDU,ImageHDU,ImageHDU,ImageHDU,ImageHDU,ImageHDU,ImageHDU,BinTableHDU,jw02733001001_02105_00001_nrcb1_o001_crf.fits
dim,218211840,9,(),"(2048, 2048)","(2048, 2048)","(2048, 2048)","(2048, 2048)","(2048, 2048)","(2048, 2048)","(2048, 2048)","(1, 100696639)",jw02733001001_02105_00001_nrcb1_o001_crf.fits
itemsize,218211840,9,,32,32,32,32,32,32,32,8,jw02733001001_02105_00001_nrcb1_o001_crf.fits
datasize,218211840,9,0,16777216,16777216,16777216,16777216,16777216,16777216,16777216,100696639,jw02733001001_02105_00001_nrcb1_o001_crf.fits
size,218211840,9,28800,16790400,16781760,16781760,16781760,16781760,16781760,16781760,100702080,jw02733001001_02105_00001_nrcb2_o001_crf.fits
name,218211840,9,PRIMARY,SCI,ERR,DQ,AREA,VAR_POISSON,VAR_RNOISE,VAR_FLAT,ASDF,jw02733001001_02105_00001_nrcb2_o001_crf.fits
hdutype,218211840,9,PrimaryHDU,ImageHDU,ImageHDU,ImageHDU,ImageHDU,ImageHDU,ImageHDU,ImageHDU,BinTableHDU,jw02733001001_02105_00001_nrcb2_o001_crf.fits
dim,218211840,9,(),"(2048, 2048)","(2048, 2048)","(2048, 2048)","(2048, 2048)","(2048, 2048)","(2048, 2048)","(2048, 2048)","(1, 100696674)",jw02733001001_02105_00001_nrcb2_o001_crf.fits
itemsize,218211840,9,,32,32,32,32,32,32,32,8,jw02733001001_02105_00001_nrcb2_o001_crf.fits
datasize,218211840,9,0,16777216,16777216,16777216,16777216,16777216,16777216,16777216,100696674,jw02733001001_02105_00001_nrcb2_o001_crf.fits
size,218211840,9,28800,16790400,16781760,16781760,16781760,16781760,16781760,16781760,100702080,jw02733001001_02105_00001_nrcb3_o001_crf.fits
name,218211840,9,PRIMARY,SCI,ERR,DQ,AREA,VAR_POISSON,VAR_RNOISE,VAR_FLAT,ASDF,jw02733001001_02105_00001_nrcb3_o001_crf.fits
hdutype,218211840,9,PrimaryHDU,ImageHDU,ImageHDU,ImageHDU,ImageHDU,ImageHDU,ImageHDU,ImageHDU,BinTableHDU,jw02733001001_02105_00001_nrcb3_o001_crf.fits
dim,218211840,9,(),"(2048, 2048)","(2048, 2048)","(2048, 2048)","(2048, 2048)","(2048, 2048)","(2048, 2048)","(2048, 2048)","(1, 100696660)",jw02733001001_02105_00001_nrcb3_o001_crf.fits
itemsize,218211840,9,,32,32,32,32,32,32,32,8,jw02733001001_02105_00001_nrcb3_o001_crf.fits
datasize,218211840,9,0,16777216,16777216,16777216,16777216,16777216,16777216,16777216,100696660,jw02733001001_02105_00001_nrcb3_o001_crf.fits
size,218211840,9,28800,16790400,16781760,16781760,16781760,16781760,16781760,16781760,100702080,jw02733001001_02105_00001_nrcb4_o001_crf.fits
name,218211840,9,PRIMARY,SCI,ERR,DQ,AREA,VAR_POISSON,VAR_RNOISE,VAR_FLAT,ASDF,jw02733001001_02105_00001_nrcb4_o001_crf.fits
hdutype,218211840,9,PrimaryHDU,ImageHDU,ImageHDU,ImageHDU,ImageHDU,ImageHDU,ImageHDU,ImageHDU,BinTableHDU,jw02733001001_02105_00001_nrcb4_o001_crf.fits
dim,218211840,9,(),"(2048, 2048)","(2048, 2048)","(2048, 2048)","(2048, 2048)","(2048, 2048)","(2048, 2048)","(2048, 2048)","(1, 100696656)",jw02733001001_02105_00001_nrcb4_o001_crf.fits
itemsize,218211840,9,,32,32,32,32,32,32,32,8,jw02733001001_02105_00001_nrcb4_o001_crf.fits
datasize,218211840,9,0,16777216,16777216,16777216,16777216,16777216,16777216,16777216,100696656,jw02733001001_02105_00001_nrcb4_o001_crf.fits
size,218211840,9,28800,16790400,16781760,16781760,16781760,16781760,16781760,16781760,100702080,jw02733001001_02105_00001_nrcblong_o001_crf.fits
name,218211840,9,PRIMARY,SCI,ERR,DQ,AREA,VAR_POISSON,VAR_RNOISE,VAR_FLAT,ASDF,jw02733001001_02105_00001_nrcblong_o001_crf.fits
hdutype,218211840,9,PrimaryHDU,ImageHDU,ImageHDU,ImageHDU,ImageHDU,ImageHDU,ImageHDU,ImageHDU,BinTableHDU,jw02733001001_02105_00001_nrcblong_o001_crf.fits
dim,218211840,9,(),"(2048, 2048)","(2048, 2048)","(2048, 2048)","(2048, 2048)","(2048, 2048)","(2048, 2048)","(2048, 2048)","(1, 100696680)",jw02733001001_02105_00001_nrcblong_o001_crf.fits
itemsize,218211840,9,,32,32,32,32,32,32,32,8,jw02733001001_02105_00001_nrcblong_o001_crf.fits
datasize,218211840,9,0,16777216,16777216,16777216,16777216,16777216,16777216,16777216,100696680,jw02733001001_02105_00001_nrcblong_o001_crf.fits
size,218211840,9,28800,16790400,16781760,16781760,16781760,16781760,16781760,16781760,100702080,jw02733001001_02105_00002_nrcb1_o001_crf.fits
name,218211840,9,PRIMARY,SCI,ERR,DQ,AREA,VAR_POISSON,VAR_RNOISE,VAR_FLAT,ASDF,jw02733001001_02105_00002_nrcb1_o001_crf.fits
hdutype,218211840,9,PrimaryHDU,ImageHDU,ImageHDU,ImageHDU,ImageHDU,ImageHDU,ImageHDU,ImageHDU,BinTableHDU,jw02733001001_02105_00002_nrcb1_o001_crf.fits
dim,218211840,9,(),"(2048, 2048)","(2048, 2048)","(2048, 2048)","(2048, 2048)","(2048, 2048)","(2048, 2048)","(2048, 2048)","(1, 100696652)",jw02733001001_02105_00002_nrcb1_o001_crf.fits
itemsize,218211840,9,,32,32,32,32,32,32,32,8,jw02733001001_02105_00002_nrcb1_o001_crf.fits
datasize,218211840,9,0,16777216,16777216,16777216,16777216,16777216,16777216,16777216,100696652,jw02733001001_02105_00002_nrcb1_o001_crf.fits
size,218211840,9,28800,16790400,16781760,16781760,16781760,16781760,16781760,16781760,100702080,jw02733001001_02105_00002_nrcb2_o001_crf.fits
name,218211840,9,PRIMARY,SCI,ERR,DQ,AREA,VAR_POISSON,VAR_RNOISE,VAR_FLAT,ASDF,jw02733001001_02105_00002_nrcb2_o001_crf.fits
hdutype,218211840,9,PrimaryHDU,ImageHDU,ImageHDU,ImageHDU,ImageHDU,ImageHDU,ImageHDU,ImageHDU,BinTableHDU,jw02733001001_02105_00002_nrcb2_o001_crf.fits
dim,218211840,9,(),"(2048, 2048)","(2048, 2048)","(2048, 2048)","(2048, 2048)","(2048, 2048)","(2048, 2048)","(2048, 2048)","(1, 100696670)",jw02733001001_02105_00002_nrcb2_o001_crf.fits
itemsize,218211840,9,,32,32,32,32,32,32,32,8,jw02733001001_02105_00002_nrcb2_o001_crf.fits
datasize,218211840,9,0,16777216,16777216,16777216,16777216,16777216,16777216,16777216,100696670,jw02733001001_02105_00002_nrcb2_o001_crf.fits
size,218211840,9,28800,16790400,16781760,16781760,16781760,16781760,16781760,16781760,100702080,jw02733001001_02105_00002_nrcb3_o001_crf.fits
name,218211840,9,PRIMARY,SCI,ERR,DQ,AREA,VAR_POISSON,VAR_RNOISE,VAR_FLAT,ASDF,jw02733001001_02105_00002_nrcb3_o001_crf.fits
hdutype,218211840,9,PrimaryHDU,ImageHDU,ImageHDU,ImageHDU,ImageHDU,ImageHDU,ImageHDU,ImageHDU,BinTableHDU,jw02733001001_02105_00002_nrcb3_o001_crf.fits
dim,218211840,9,(),"(2048, 2048)","(2048, 2048)","(2048, 2048)","(2048, 2048)","(2048, 2048)","(2048, 2048)","(2048, 2048)","(1, 100696663)",jw02733001001_02105_00002_nrcb3_o001_crf.fits
itemsize,218211840,9,,32,32,32,32,32,32,32,8,jw02733001001_02105_00002_nrcb3_o001_crf.fits
datasize,218211840,9,0,16777216,16777216,16777216,16777216,16777216,16777216,16777216,100696663,jw02733001001_02105_00002_nrcb3_o001_crf.fits
size,218211840,9,28800,16790400,16781760,16781760,16781760,16781760,16781760,16781760,100702080,jw02733001001_02105_00002_nrcb4_o001_crf.fits
name,218211840,9,PRIMARY,SCI,ERR,DQ,AREA,VAR_POISSON,VAR_RNOISE,VAR_FLAT,ASDF,jw02733001001_02105_00002_nrcb4_o001_crf.fits
hdutype,218211840,9,PrimaryHDU,ImageHDU,ImageHDU,ImageHDU,ImageHDU,ImageHDU,ImageHDU,ImageHDU,BinTableHDU,jw02733001001_02105_00002_nrcb4_o001_crf.fits
dim,218211840,9,(),"(2048, 2048)","(2048, 2048)","(2048, 2048)","(2048, 2048)","(2048, 2048)","(2048, 2048)","(2048, 2048)","(1, 100696665)",jw02733001001_02105_00002_nrcb4_o001_crf.fits
itemsize,218211840,9,,32,32,32,32,32,32,32,8,jw02733001001_02105_00002_nrcb4_o001_crf.fits
datasize,218211840,9,0,16777216,16777216,16777216,16777216,16777216,16777216,16777216,100696665,jw02733001001_02105_00002_nrcb4_o001_crf.fits
size,218211840,9,28800,16790400,16781760,16781760,16781760,16781760,16781760,16781760,100702080,jw02733001001_02105_00002_nrcblong_o001_crf.fits
name,218211840,9,PRIMARY,SCI,ERR,DQ,AREA,VAR_POISSON,VAR_RNOISE,VAR_FLAT,ASDF,jw02733001001_02105_00002_nrcblong_o001_crf.fits
hdutype,218211840,9,PrimaryHDU,ImageHDU,ImageHDU,ImageHDU,ImageHDU,ImageHDU,ImageHDU,ImageHDU,BinTableHDU,jw02733001001_02105_00002_nrcblong_o001_crf.fits
dim,218211840,9,(),"(2048, 2048)","(2048, 2048)","(2048, 2048)","(2048, 2048)","(2048, 2048)","(2048, 2048)","(2048, 2048)","(1, 100696663)",jw02733001001_02105_00002_nrcblong_o001_crf.fits
itemsize,218211840,9,,32,32,32,32,32,32,32,8,jw02733001001_02105_00002_nrcblong_o001_crf.fits
datasize,218211840,9,0,16777216,16777216,16777216,16777216,16777216,16777216,16777216,100696663,jw02733001001_02105_00002_nrcblong_o001_crf.fits
size,218211840,9,28800,16790400,16781760,16781760,16781760,16781760,16781760,16781760,100702080,jw02733001001_02105_00003_nrcb1_o001_crf.fits
name,218211840,9,PRIMARY,SCI,ERR,DQ,AREA,VAR_POISSON,VAR_RNOISE,VAR_FLAT,ASDF,jw02733001001_02105_00003_nrcb1_o001_crf.fits
hdutype,218211840,9,PrimaryHDU,ImageHDU,ImageHDU,ImageHDU,ImageHDU,ImageHDU,ImageHDU,ImageHDU,BinTableHDU,jw02733001001_02105_00003_nrcb1_o001_crf.fits
dim,218211840,9,(),"(2048, 2048)","(2048, 2048)","(2048, 2048)","(2048, 2048)","(2048, 2048)","(2048, 2048)","(2048, 2048)","(1, 100696651)",jw02733001001_02105_00003_nrcb1_o001_crf.fits
itemsize,218211840,9,,32,32,32,32,32,32,32,8,jw02733001001_02105_00003_nrcb1_o001_crf.fits
datasize,218211840,9,0,16777216,16777216,16777216,16777216,16777216,16777216,16777216,100696651,jw02733001001_02105_00003_nrcb1_o001_crf.fits
size,218211840,9,28800,16790400,16781760,16781760,16781760,16781760,16781760,16781760,100702080,jw02733001001_02105_00003_nrcb2_o001_crf.fits
name,218211840,9,PRIMARY,SCI,ERR,DQ,AREA,VAR_POISSON,VAR_RNOISE,VAR_FLAT,ASDF,jw02733001001_02105_00003_nrcb2_o001_crf.fits
hdutype,218211840,9,PrimaryHDU,ImageHDU,ImageHDU,ImageHDU,ImageHDU,ImageHDU,ImageHDU,ImageHDU,BinTableHDU,jw02733001001_02105_00003_nrcb2_o001_crf.fits
dim,218211840,9,(),"(2048, 2048)","(2048, 2048)","(2048, 2048)","(2048, 2048)","(2048, 2048)","(2048, 2048)","(2048, 2048)","(1, 100696683)",jw02733001001_02105_00003_nrcb2_o001_crf.fits
itemsize,218211840,9,,32,32,32,32,32,32,32,8,jw02733001001_02105_00003_nrcb2_o001_crf.fits
datasize,218211840,9,0,16777216,16777216,16777216,16777216,16777216,16777216,16777216,100696683,jw02733001001_02105_00003_nrcb2_o001_crf.fits
size,218211840,9,28800,16790400,16781760,16781760,16781760,16781760,16781760,16781760,100702080,jw02733001001_02105_00003_nrcb3_o001_crf.fits
name,218211840,9,PRIMARY,SCI,ERR,DQ,AREA,VAR_POISSON,VAR_RNOISE,VAR_FLAT,ASDF,jw02733001001_02105_00003_nrcb3_o001_crf.fits
hdutype,218211840,9,PrimaryHDU,ImageHDU,ImageHDU,ImageHDU,ImageHDU,ImageHDU,ImageHDU,ImageHDU,BinTableHDU,jw02733001001_02105_00003_nrcb3_o001_crf.fits
dim,218211840,9,(),"(2048, 2048)","(2048, 2048)","(2048, 2048)","(2048, 2048)","(2048, 2048)","(2048, 2048)","(2048, 2048)","(1, 100696653)",jw02733001001_02105_00003_nrcb3_o001_crf.fits
itemsize,218211840,9,,32,32,32,32,32,32,32,8,jw02733001001_02105_00003_nrcb3_o001_crf.fits
datasize,218211840,9,0,16777216,16777216,16777216,16777216,16777216,16777216,16777216,100696653,jw02733001001_02105_00003_nrcb3_o001_crf.fits
size,218211840,9,28800,16790400,16781760,16781760,16781760,16781760,16781760,16781760,100702080,jw02733001001_02105_00003_nrcblong_o001_crf.fits
name,218211840,9,PRIMARY,SCI,ERR,DQ,AREA,VAR_POISSON,VAR_RNOISE,VAR_FLAT,ASDF,jw02733001001_02105_00003_nrcblong_o001_crf.fits
hdutype,218211840,9,PrimaryHDU,ImageHDU,ImageHDU,ImageHDU,ImageHDU,ImageHDU,ImageHDU,ImageHDU,BinTableHDU,jw02733001001_02105_00003_nrcblong_o001_crf.fits
dim,218211840,9,(),"(2048, 2048)","(2048, 2048)","(2048, 2048)","(2048, 2048)","(2048, 2048)","(2048, 2048)","(2048, 2048)","(1, 100696677)",jw02733001001_02105_00003_nrcblong_o001_crf.fits
itemsize,218211840,9,,32,32,32,32,32,32,32,8,jw02733001001_02105_00003_nrcblong_o001_crf.fits
datasize,218211840,9,0,16777216,16777216,16777216,16777216,16777216,16777216,16777216,100696677,jw02733001001_02105_00003_nrcblong_o001_crf.fits
size,218211840,9,28800,16790400,16781760,16781760,16781760,16781760,16781760,16781760,100702080,jw02733001001_02105_00004_nrcb1_o001_crf.fits
name,218211840,9,PRIMARY,SCI,ERR,DQ,AREA,VAR_POISSON,VAR_RNOISE,VAR_FLAT,ASDF,jw02733001001_02105_00004_nrcb1_o001_crf.fits
hdutype,218211840,9,PrimaryHDU,ImageHDU,ImageHDU,ImageHDU,ImageHDU,ImageHDU,ImageHDU,ImageHDU,BinTableHDU,jw02733001001_02105_00004_nrcb1_o001_crf.fits
dim,218211840,9,(),"(2048, 2048)","(2048, 2048)","(2048, 2048)","(2048, 2048)","(2048, 2048)","(2048, 2048)","(2048, 2048)","(1, 100696646)",jw02733001001_02105_00004_nrcb1_o001_crf.fits
itemsize,218211840,9,,32,32,32,32,32,32,32,8,jw02733001001_02105_00004_nrcb1_o001_crf.fits
datasize,218211840,9,0,16777216,16777216,16777216,16777216,16777216,16777216,16777216,100696646,jw02733001001_02105_00004_nrcb1_o001_crf.fits
size,218211840,9,28800,16790400,16781760,16781760,16781760,16781760,16781760,16781760,100702080,jw02733001001_02105_00004_nrcb2_o001_crf.fits
name,218211840,9,PRIMARY,SCI,ERR,DQ,AREA,VAR_POISSON,VAR_RNOISE,VAR_FLAT,ASDF,jw02733001001_02105_00004_nrcb2_o001_crf.fits
hdutype,218211840,9,PrimaryHDU,ImageHDU,ImageHDU,ImageHDU,ImageHDU,ImageHDU,ImageHDU,ImageHDU,BinTableHDU,jw02733001001_02105_00004_nrcb2_o001_crf.fits
dim,218211840,9,(),"(2048, 2048)","(2048, 2048)","(2048, 2048)","(2048, 2048)","(2048, 2048)","(2048, 2048)","(2048, 2048)","(1, 100696675)",jw02733001001_02105_00004_nrcb2_o001_crf.fits
itemsize,218211840,9,,32,32,32,32,32,32,32,8,jw02733001001_02105_00004_nrcb2_o001_crf.fits
datasize,218211840,9,0,16777216,16777216,16777216,16777216,16777216,16777216,16777216,100696675,jw02733001001_02105_00004_nrcb2_o001_crf.fits
size,218211840,9,28800,16790400,16781760,16781760,16781760,16781760,16781760,16781760,100702080,jw02733001001_02105_00004_nrcb3_o001_crf.fits
name,218211840,9,PRIMARY,SCI,ERR,DQ,AREA,VAR_POISSON,VAR_RNOISE,VAR_FLAT,ASDF,jw02733001001_02105_00004_nrcb3_o001_crf.fits
hdutype,218211840,9,PrimaryHDU,ImageHDU,ImageHDU,ImageHDU,ImageHDU,ImageHDU,ImageHDU,ImageHDU,BinTableHDU,jw02733001001_02105_00004_nrcb3_o001_crf.fits
dim,218211840,9,(),"(2048, 2048)","(2048, 2048)","(2048, 2048)","(2048, 2048)","(2048, 2048)","(2048, 2048)","(2048, 2048)","(1, 100696664)",jw02733001001_02105_00004_nrcb3_o001_crf.fits
itemsize,218211840,9,,32,32,32,32,32,32,32,8,jw02733001001_02105_00004_nrcb3_o001_crf.fits
datasize,218211840,9,0,16777216,16777216,16777216,16777216,16777216,16777216,16777216,100696664,jw02733001001_02105_00004_nrcb3_o001_crf.fits
size,218211840,9,28800,16790400,16781760,16781760,16781760,16781760,16781760,16781760,100702080,jw02733001001_02105_00004_nrcblong_o001_crf.fits
name,218211840,9,PRIMARY,SCI,ERR,DQ,AREA,VAR_POISSON,VAR_RNOISE,VAR_FLAT,ASDF,jw02733001001_02105_00004_nrcblong_o001_crf.fits
hdutype,218211840,9,PrimaryHDU,ImageHDU,ImageHDU,ImageHDU,ImageHDU,ImageHDU,ImageHDU,ImageHDU,BinTableHDU,jw02733001001_02105_00004_nrcblong_o001_crf.fits
dim,218211840,9,(),"(2048, 2048)","(2048, 2048)","(2048, 2048)","(2048, 2048)","(2048, 2048)","(2048, 2048)","(2048, 2048)","(1, 100696678)",jw02733001001_02105_00004_nrcblong_o001_crf.fits
itemsize,218211840,9,,32,32,32,32,32,32,32,8,jw02733001001_02105_00004_nrcblong_o001_crf.fits
datasize,218211840,9,0,16777216,16777216,16777216,16777216,16777216,16777216,16777216,100696678,jw02733001001_02105_00004_nrcblong_o001_crf.fits
size,218203200,9,28800,16790400,16781760,16781760,16781760,16781760,16781760,16781760,100693440,jw02733001001_02105_00005_nrcb1_o001_crf.fits
name,218203200,9,PRIMARY,SCI,ERR,DQ,AREA,VAR_POISSON,VAR_RNOISE,VAR_FLAT,ASDF,jw02733001001_02105_00005_nrcb1_o001_crf.fits
hdutype,218203200,9,PrimaryHDU,ImageHDU,ImageHDU,ImageHDU,ImageHDU,ImageHDU,ImageHDU,ImageHDU,BinTableHDU,jw02733001001_02105_00005_nrcb1_o001_crf.fits
dim,218203200,9,(),"(2048, 2048)","(2048, 2048)","(2048, 2048)","(2048, 2048)","(2048, 2048)","(2048, 2048)","(2048, 2048)","(1, 100688496)",jw02733001001_02105_00005_nrcb1_o001_crf.fits
itemsize,218203200,9,,32,32,32,32,32,32,32,8,jw02733001001_02105_00005_nrcb1_o001_crf.fits
datasize,218203200,9,0,16777216,16777216,16777216,16777216,16777216,16777216,16777216,100688496,jw02733001001_02105_00005_nrcb1_o001_crf.fits
size,218203200,9,28800,16790400,16781760,16781760,16781760,16781760,16781760,16781760,100693440,jw02733001001_02105_00005_nrcb3_o001_crf.fits
name,218203200,9,PRIMARY,SCI,ERR,DQ,AREA,VAR_POISSON,VAR_RNOISE,VAR_FLAT,ASDF,jw02733001001_02105_00005_nrcb3_o001_crf.fits
hdutype,218203200,9,PrimaryHDU,ImageHDU,ImageHDU,ImageHDU,ImageHDU,ImageHDU,ImageHDU,ImageHDU,BinTableHDU,jw02733001001_02105_00005_nrcb3_o001_crf.fits
dim,218203200,9,(),"(2048, 2048)","(2048, 2048)","(2048, 2048)","(2048, 2048)","(2048, 2048)","(2048, 2048)","(2048, 2048)","(1, 100688491)",jw02733001001_02105_00005_nrcb3_o001_crf.fits
itemsize,218203200,9,,32,32,32,32,32,32,32,8,jw02733001001_02105_00005_nrcb3_o001_crf.fits
datasize,218203200,9,0,16777216,16777216,16777216,16777216,16777216,16777216,16777216,100688491,jw02733001001_02105_00005_nrcb3_o001_crf.fits
size,218203200,9,28800,16790400,16781760,16781760,16781760,16781760,16781760,16781760,100693440,jw02733001001_02105_00005_nrcb4_o001_crf.fits
name,218203200,9,PRIMARY,SCI,ERR,DQ,AREA,VAR_POISSON,VAR_RNOISE,VAR_FLAT,ASDF,jw02733001001_02105_00005_nrcb4_o001_crf.fits
hdutype,218203200,9,PrimaryHDU,ImageHDU,ImageHDU,ImageHDU,ImageHDU,ImageHDU,ImageHDU,ImageHDU,BinTableHDU,jw02733001001_02105_00005_nrcb4_o001_crf.fits
dim,218203200,9,(),"(2048, 2048)","(2048, 2048)","(2048, 2048)","(2048, 2048)","(2048, 2048)","(2048, 2048)","(2048, 2048)","(1, 100688503)",jw02733001001_02105_00005_nrcb4_o001_crf.fits
itemsize,218203200,9,,32,32,32,32,32,32,32,8,jw02733001001_02105_00005_nrcb4_o001_crf.fits
datasize,218203200,9,0,16777216,16777216,16777216,16777216,16777216,16777216,16777216,100688503,jw02733001001_02105_00005_nrcb4_o001_crf.fits
size,218211840,9,28800,16790400,16781760,16781760,16781760,16781760,16781760,16781760,100702080,jw02733001001_02105_00005_nrcblong_o001_crf.fits
name,218211840,9,PRIMARY,SCI,ERR,DQ,AREA,VAR_POISSON,VAR_RNOISE,VAR_FLAT,ASDF,jw02733001001_02105_00005_nrcblong_o001_crf.fits
hdutype,218211840,9,PrimaryHDU,ImageHDU,ImageHDU,ImageHDU,ImageHDU,ImageHDU,ImageHDU,ImageHDU,BinTableHDU,jw02733001001_02105_00005_nrcblong_o001_crf.fits
dim,218211840,9,(),"(2048, 2048)","(2048, 2048)","(2048, 2048)","(2048, 2048)","(2048, 2048)","(2048, 2048)","(2048, 2048)","(1, 100696676)",jw02733001001_02105_00005_nrcblong_o001_crf.fits
itemsize,218211840,9,,32,32,32,32,32,32,32,8,jw02733001001_02105_00005_nrcblong_o001_crf.fits
datasize,218211840,9,0,16777216,16777216,16777216,16777216,16777216,16777216,16777216,100696676,jw02733001001_02105_00005_nrcblong_o001_crf.fits
size,218211840,9,28800,16790400,16781760,16781760,16781760,16781760,16781760,16781760,100702080,jw02733001001_02105_00006_nrcb1_o001_crf.fits
name,218211840,9,PRIMARY,SCI,ERR,DQ,AREA,VAR_POISSON,VAR_RNOISE,VAR_FLAT,ASDF,jw02733001001_02105_00006_nrcb1_o001_crf.fits
hdutype,218211840,9,PrimaryHDU,ImageHDU,ImageHDU,ImageHDU,ImageHDU,ImageHDU,ImageHDU,ImageHDU,BinTableHDU,jw02733001001_02105_00006_nrcb1_o001_crf.fits
dim,218211840,9,(),"(2048, 2048)","(2048, 2048)","(2048, 2048)","(2048, 2048)","(2048, 2048)","(2048, 2048)","(2048, 2048)","(1, 100696636)",jw02733001001_02105_00006_nrcb1_o001_crf.fits
itemsize,218211840,9,,32,32,32,32,32,32,32,8,jw02733001001_02105_00006_nrcb1_o001_crf.fits
datasize,218211840,9,0,16777216,16777216,16777216,16777216,16777216,16777216,16777216,100696636,jw02733001001_02105_00006_nrcb1_o001_crf.fits
size,218211840,9,28800,16790400,16781760,16781760,16781760,16781760,16781760,16781760,100702080,jw02733001001_02105_00006_nrcb2_o001_crf.fits
name,218211840,9,PRIMARY,SCI,ERR,DQ,AREA,VAR_POISSON,VAR_RNOISE,VAR_FLAT,ASDF,jw02733001001_02105_00006_nrcb2_o001_crf.fits
hdutype,218211840,9,PrimaryHDU,ImageHDU,ImageHDU,ImageHDU,ImageHDU,ImageHDU,ImageHDU,ImageHDU,BinTableHDU,jw02733001001_02105_00006_nrcb2_o001_crf.fits
dim,218211840,9,(),"(2048, 2048)","(2048, 2048)","(2048, 2048)","(2048, 2048)","(2048, 2048)","(2048, 2048)","(2048, 2048)","(1, 100696653)",jw02733001001_02105_00006_nrcb2_o001_crf.fits
itemsize,218211840,9,,32,32,32,32,32,32,32,8,jw02733001001_02105_00006_nrcb2_o001_crf.fits
datasize,218211840,9,0,16777216,16777216,16777216,16777216,16777216,16777216,16777216,100696653,jw02733001001_02105_00006_nrcb2_o001_crf.fits
size,218211840,9,28800,16790400,16781760,16781760,16781760,16781760,16781760,16781760,100702080,jw02733001001_02105_00006_nrcb3_o001_crf.fits
name,218211840,9,PRIMARY,SCI,ERR,DQ,AREA,VAR_POISSON,VAR_RNOISE,VAR_FLAT,ASDF,jw02733001001_02105_00006_nrcb3_o001_crf.fits
hdutype,218211840,9,PrimaryHDU,ImageHDU,ImageHDU,ImageHDU,ImageHDU,ImageHDU,ImageHDU,ImageHDU,BinTableHDU,jw02733001001_02105_00006_nrcb3_o001_crf.fits
dim,218211840,9,(),"(2048, 2048)","(2048, 2048)","(2048, 2048)","(2048, 2048)","(2048, 2048)","(2048, 2048)","(2048, 2048)","(1, 100696643)",jw02733001001_02105_00006_nrcb3_o001_crf.fits
itemsize,218211840,9,,32,32,32,32,32,32,32,8,jw02733001001_02105_00006_nrcb3_o001_crf.fits
datasize,218211840,9,0,16777216,16777216,16777216,16777216,16777216,16777216,16777216,100696643,jw02733001001_02105_00006_nrcb3_o001_crf.fits
size,218211840,9,28800,16790400,16781760,16781760,16781760,16781760,16781760,16781760,100702080,jw02733001001_02105_00006_nrcb4_o001_crf.fits
name,218211840,9,PRIMARY,SCI,ERR,DQ,AREA,VAR_POISSON,VAR_RNOISE,VAR_FLAT,ASDF,jw02733001001_02105_00006_nrcb4_o001_crf.fits
hdutype,218211840,9,PrimaryHDU,ImageHDU,ImageHDU,ImageHDU,ImageHDU,ImageHDU,ImageHDU,ImageHDU,BinTableHDU,jw02733001001_02105_00006_nrcb4_o001_crf.fits
dim,218211840,9,(),"(2048, 2048)","(2048, 2048)","(2048, 2048)","(2048, 2048)","(2048, 2048)","(2048, 2048)","(2048, 2048)","(1, 100696651)",jw02733001001_02105_00006_nrcb4_o001_crf.fits
itemsize,218211840,9,,32,32,32,32,32,32,32,8,jw02733001001_02105_00006_nrcb4_o001_crf.fits
datasize,218211840,9,0,16777216,16777216,16777216,16777216,16777216,16777216,16777216,100696651,jw02733001001_02105_00006_nrcb4_o001_crf.fits
size,218211840,9,28800,16790400,16781760,16781760,16781760,16781760,16781760,16781760,100702080,jw02733001001_02105_00006_nrcblong_o001_crf.fits
name,218211840,9,PRIMARY,SCI,ERR,DQ,AREA,VAR_POISSON,VAR_RNOISE,VAR_FLAT,ASDF,jw02733001001_02105_00006_nrcblong_o001_crf.fits
hdutype,218211840,9,PrimaryHDU,ImageHDU,ImageHDU,ImageHDU,ImageHDU,ImageHDU,ImageHDU,ImageHDU,BinTableHDU,jw02733001001_02105_00006_nrcblong_o001_crf.fits
dim,218211840,9,(),"(2048, 2048)","(2048, 2048)","(2048, 2048)","(2048, 2048)","(2048, 2048)","(2048, 2048)","(2048, 2048)","(1, 100696657)",jw02733001001_02105_00006_nrcblong_o001_crf.fits
itemsize,218211840,9,,32,32,32,32,32,32,32,8,jw02733001001_02105_00006_nrcblong_o001_crf.fits
datasize,218211840,9,0,16777216,16777216,16777216,16777216,16777216,16777216,16777216,100696657,jw02733001001_02105_00006_nrcblong_o001_crf.fits
size,218211840,9,28800,16790400,16781760,16781760,16781760,16781760,16781760,16781760,100702080,jw02733001001_02105_00007_nrcb1_o001_crf.fits
name,218211840,9,PRIMARY,SCI,ERR,DQ,AREA,VAR_POISSON,VAR_RNOISE,VAR_FLAT,ASDF,jw02733001001_02105_00007_nrcb1_o001_crf.fits
hdutype,218211840,9,PrimaryHDU,ImageHDU,ImageHDU,ImageHDU,ImageHDU,ImageHDU,ImageHDU,ImageHDU,BinTableHDU,jw02733001001_02105_00007_nrcb1_o001_crf.fits
dim,218211840,9,(),"(2048, 2048)","(2048, 2048)","(2048, 2048)","(2048, 2048)","(2048, 2048)","(2048, 2048)","(2048, 2048)","(1, 100696609)",jw02733001001_02105_00007_nrcb1_o001_crf.fits
itemsize,218211840,9,,32,32,32,32,32,32,32,8,jw02733001001_02105_00007_nrcb1_o001_crf.fits
datasize,218211840,9,0,16777216,16777216,16777216,16777216,16777216,16777216,16777216,100696609,jw02733001001_02105_00007_nrcb1_o001_crf.fits
size,218211840,9,28800,16790400,16781760,16781760,16781760,16781760,16781760,16781760,100702080,jw02733001001_02105_00007_nrcb2_o001_crf.fits
name,218211840,9,PRIMARY,SCI,ERR,DQ,AREA,VAR_POISSON,VAR_RNOISE,VAR_FLAT,ASDF,jw02733001001_02105_00007_nrcb2_o001_crf.fits
hdutype,218211840,9,PrimaryHDU,ImageHDU,ImageHDU,ImageHDU,ImageHDU,ImageHDU,ImageHDU,ImageHDU,BinTableHDU,jw02733001001_02105_00007_nrcb2_o001_crf.fits
dim,218211840,9,(),"(2048, 2048)","(2048, 2048)","(2048, 2048)","(2048, 2048)","(2048, 2048)","(2048, 2048)","(2048, 2048)","(1, 100696638)",jw02733001001_02105_00007_nrcb2_o001_crf.fits
itemsize,218211840,9,,32,32,32,32,32,32,32,8,jw02733001001_02105_00007_nrcb2_o001_crf.fits
datasize,218211840,9,0,16777216,16777216,16777216,16777216,16777216,16777216,16777216,100696638,jw02733001001_02105_00007_nrcb2_o001_crf.fits
size,218211840,9,28800,16790400,16781760,16781760,16781760,16781760,16781760,16781760,100702080,jw02733001001_02105_00007_nrcb3_o001_crf.fits
name,218211840,9,PRIMARY,SCI,ERR,DQ,AREA,VAR_POISSON,VAR_RNOISE,VAR_FLAT,ASDF,jw02733001001_02105_00007_nrcb3_o001_crf.fits
hdutype,218211840,9,PrimaryHDU,ImageHDU,ImageHDU,ImageHDU,ImageHDU,ImageHDU,ImageHDU,ImageHDU,BinTableHDU,jw02733001001_02105_00007_nrcb3_o001_crf.fits
dim,218211840,9,(),"(2048, 2048)","(2048, 2048)","(2048, 2048)","(2048, 2048)","(2048, 2048)","(2048, 2048)","(2048, 2048)","(1, 100696624)",jw02733001001_02105_00007_nrcb3_o001_crf.fits
itemsize,218211840,9,,32,32,32,32,32,32,32,8,jw02733001001_02105_00007_nrcb3_o001_crf.fits
datasize,218211840,9,0,16777216,16777216,16777216,16777216,16777216,16777216,16777216,100696624,jw02733001001_02105_00007_nrcb3_o001_crf.fits
size,218211840,9,28800,16790400,16781760,16781760,16781760,16781760,16781760,16781760,100702080,jw02733001001_02105_00007_nrcb4_o001_crf.fits
name,218211840,9,PRIMARY,SCI,ERR,DQ,AREA,VAR_POISSON,VAR_RNOISE,VAR_FLAT,ASDF,jw02733001001_02105_00007_nrcb4_o001_crf.fits
hdutype,218211840,9,PrimaryHDU,ImageHDU,ImageHDU,ImageHDU,ImageHDU,ImageHDU,ImageHDU,ImageHDU,BinTableHDU,jw02733001001_02105_00007_nrcb4_o001_crf.fits
dim,218211840,9,(),"(2048, 2048)","(2048, 2048)","(2048, 2048)","(2048, 2048)","(2048, 2048)","(2048, 2048)","(2048, 2048)","(1, 100696633)",jw02733001001_02105_00007_nrcb4_o001_crf.fits
itemsize,218211840,9,,32,32,32,32,32,32,32,8,jw02733001001_02105_00007_nrcb4_o001_crf.fits
datasize,218211840,9,0,16777216,16777216,16777216,16777216,16777216,16777216,16777216,100696633,jw02733001001_02105_00007_nrcb4_o001_crf.fits
size,218211840,9,28800,16790400,16781760,16781760,16781760,16781760,16781760,16781760,100702080,jw02733001001_02105_00008_nrcb1_o001_crf.fits
name,218211840,9,PRIMARY,SCI,ERR,DQ,AREA,VAR_POISSON,VAR_RNOISE,VAR_FLAT,ASDF,jw02733001001_02105_00008_nrcb1_o001_crf.fits
hdutype,218211840,9,PrimaryHDU,ImageHDU,ImageHDU,ImageHDU,ImageHDU,ImageHDU,ImageHDU,ImageHDU,BinTableHDU,jw02733001001_02105_00008_nrcb1_o001_crf.fits
dim,218211840,9,(),"(2048, 2048)","(2048, 2048)","(2048, 2048)","(2048, 2048)","(2048, 2048)","(2048, 2048)","(2048, 2048)","(1, 100696629)",jw02733001001_02105_00008_nrcb1_o001_crf.fits
itemsize,218211840,9,,32,32,32,32,32,32,32,8,jw02733001001_02105_00008_nrcb1_o001_crf.fits
datasize,218211840,9,0,16777216,16777216,16777216,16777216,16777216,16777216,16777216,100696629,jw02733001001_02105_00008_nrcb1_o001_crf.fits
size,218211840,9,28800,16790400,16781760,16781760,16781760,16781760,16781760,16781760,100702080,jw02733001001_02105_00008_nrcb2_o001_crf.fits
name,218211840,9,PRIMARY,SCI,ERR,DQ,AREA,VAR_POISSON,VAR_RNOISE,VAR_FLAT,ASDF,jw02733001001_02105_00008_nrcb2_o001_crf.fits
hdutype,218211840,9,PrimaryHDU,ImageHDU,ImageHDU,ImageHDU,ImageHDU,ImageHDU,ImageHDU,ImageHDU,BinTableHDU,jw02733001001_02105_00008_nrcb2_o001_crf.fits
dim,218211840,9,(),"(2048, 2048)","(2048, 2048)","(2048, 2048)","(2048, 2048)","(2048, 2048)","(2048, 2048)","(2048, 2048)","(1, 100696653)",jw02733001001_02105_00008_nrcb2_o001_crf.fits
itemsize,218211840,9,,32,32,32,32,32,32,32,8,jw02733001001_02105_00008_nrcb2_o001_crf.fits
datasize,218211840,9,0,16777216,16777216,16777216,16777216,16777216,16777216,16777216,100696653,jw02733001001_02105_00008_nrcb2_o001_crf.fits
size,218211840,9,28800,16790400,16781760,16781760,16781760,16781760,16781760,16781760,100702080,jw02733001001_02105_00008_nrcb3_o001_crf.fits
name,218211840,9,PRIMARY,SCI,ERR,DQ,AREA,VAR_POISSON,VAR_RNOISE,VAR_FLAT,ASDF,jw02733001001_02105_00008_nrcb3_o001_crf.fits
hdutype,218211840,9,PrimaryHDU,ImageHDU,ImageHDU,ImageHDU,ImageHDU,ImageHDU,ImageHDU,ImageHDU,BinTableHDU,jw02733001001_02105_00008_nrcb3_o001_crf.fits
dim,218211840,9,(),"(2048, 2048)","(2048, 2048)","(2048, 2048)","(2048, 2048)","(2048, 2048)","(2048, 2048)","(2048, 2048)","(1, 100696643)",jw02733001001_02105_00008_nrcb3_o001_crf.fits
itemsize,218211840,9,,32,32,32,32,32,32,32,8,jw02733001001_02105_00008_nrcb3_o001_crf.fits
datasize,218211840,9,0,16777216,16777216,16777216,16777216,16777216,16777216,16777216,100696643,jw02733001001_02105_00008_nrcb3_o001_crf.fits
size,218211840,9,28800,16790400,16781760,16781760,16781760,16781760,16781760,16781760,100702080,jw02733001001_02105_00008_nrcb4_o001_crf.fits
name,218211840,9,PRIMARY,SCI,ERR,DQ,AREA,VAR_POISSON,VAR_RNOISE,VAR_FLAT,ASDF,jw02733001001_02105_00008_nrcb4_o001_crf.fits
hdutype,218211840,9,PrimaryHDU,ImageHDU,ImageHDU,ImageHDU,ImageHDU,ImageHDU,ImageHDU,ImageHDU,BinTableHDU,jw02733001001_02105_00008_nrcb4_o001_crf.fits
dim,218211840,9,(),"(2048, 2048)","(2048, 2048)","(2048, 2048)","(2048, 2048)","(2048, 2048)","(2048, 2048)","(2048, 2048)","(1, 100696647)",jw02733001001_02105_00008_nrcb4_o001_crf.fits
itemsize,218211840,9,,32,32,32,32,32,32,32,8,jw02733001001_02105_00008_nrcb4_o001_crf.fits
datasize,218211840,9,0,16777216,16777216,16777216,16777216,16777216,16777216,16777216,100696647,jw02733001001_02105_00008_nrcb4_o001_crf.fits
size,218211840,9,28800,16790400,16781760,16781760,16781760,16781760,16781760,16781760,100702080,jw02733001001_02105_00008_nrcblong_o001_crf.fits
name,218211840,9,PRIMARY,SCI,ERR,DQ,AREA,VAR_POISSON,VAR_RNOISE,VAR_FLAT,ASDF,jw02733001001_02105_00008_nrcblong_o001_crf.fits
hdutype,218211840,9,PrimaryHDU,ImageHDU,ImageHDU,ImageHDU,ImageHDU,ImageHDU,ImageHDU,ImageHDU,BinTableHDU,jw02733001001_02105_00008_nrcblong_o001_crf.fits
dim,218211840,9,(),"(2048, 2048)","(2048, 2048)","(2048, 2048)","(2048, 2048)","(2048, 2048)","(2048, 2048)","(2048, 2048)","(1, 100696660)",jw02733001001_02105_00008_nrcblong_o001_crf.fits
itemsize,218211840,9,,32,32,32,32,32,32,32,8,jw02733001001_02105_00008_nrcblong_o001_crf.fits
datasize,218211840,9,0,16777216,16777216,16777216,16777216,16777216,16777216,16777216,100696660,jw02733001001_02105_00008_nrcblong_o001_crf.fits
